link,date,text,retweet_count,favorite_count,reply_count,commentId,parentId
https://x.com/oxentepipoca/status/1741938898924654647,01/01/2024,"Procurando algo para assistir? Tente ‚ÄòCaf√© com Canela‚Äô, de Glenda Nic√°cio e Ary Rosa, que est√° dispon√≠vel no Prime Video, Globoplay e gratuitamente no Ita√∫ Cultural Play.

O √≥timo filme baiano conta a hist√≥ria de Margarida, que vive isolada da sociedade ap√≥s perder seu filho. üáßüá∑ https://t.co/0MUVdVwX60",47,621,3,1741938898924654647,0
https://x.com/monstrava/status/1752796366546297057,31/01/2024,"s√≥ em janeiro meu primeiro filme, Kila &amp; Mauna j√° estreou na Mostra de Cinema Tiradentes, entrou pro cat√°logo do Ita√∫ Cultural Play e ainda vai ser exibido no Cinema do Drag√£o",10,81,3,1752796366546297057,0
https://x.com/oxentepipoca/status/1748755112061726747,20/01/2024,"Procurando algo para assistir? Tente ‚ÄòEdif√≠cio Master‚Äô, de Eduardo Coutinho, que est√° dispon√≠vel no Globoplay e gratuitamente no Ita√∫ Cultural Play.

O filme registra o cotidiano dos moradores do Edif√≠cio Master, em Copacabana, e apresenta um rico painel de hist√≥rias. üáßüá∑ https://t.co/BZffEOOnDo",42,481,3,1748755112061726747,0
https://x.com/dubarodrigues/status/1744111634472120342,07/01/2024,"Esse ano vou ver 120 filmes nacionais!
Come√ßando com...
1. Jards (Eryk Rocha)
Document√°rio que vi no Ita√∫ Cultural Play.
Quando Luiz Melodia apareceu, fiquei emocionado üò≠ü§ß https://t.co/OPiu1TFusk",0,5,1,1744111634472120342,0
https://x.com/RhodrigoTeles/status/1759070080875339996,18/02/2024,"@thefinalgirl_ Estou tentando assistir pelo Ita√∫ Cultural Play, mas a plataforma n√£o colabora. O pouco que consegui ver achei incr√≠vel.",0,0,0,1759070080875339996,0
https://x.com/isabebop/status/1749044330159821143,21/01/2024,"o ita√∫ cultural play foi a melhor coisa q descobri ano passado, um acervo monumental de cinema brasileiro completamente de gra√ßa, sem meme, acessem",0,1,1,1749044330159821143,0
https://x.com/jurujubee/status/1754578889181909374,05/02/2024,"tem um monte de filmes brasileiros legais, de curtas recentes a cl√°ssicos dos anos 60, na plataforma do ita√∫ cultural play https://t.co/iIqnRoTn0l",0,2,2,1754578889181909374,0
https://x.com/arteinthesky/status/1754648569468842451,05/02/2024,Quem n√£o conseguir ler: est√£o dispon√≠veis no Ita√∫ Cultural Play,0,0,1,1754648569468842451,0
https://x.com/WXJLtonight/status/1744608904837726415,09/01/2024,Curtas vistos no Ita√∫ Cultural Play https://t.co/z2HafFgBKO,0,0,1,1744608904837726415,0
https://x.com/WXJLtonight/status/1744515105524420993,09/01/2024,"O primeiro e o √∫ltimo vi no YouTube, o segundo no Ita√∫ Cultural Play https://t.co/iFMoYkaAuf",0,0,1,1744515105524420993,0
https://x.com/leounardosantos/status/1750482188099858575,25/01/2024,Por que o app do Ita√∫ Cultural Play n√£o t√° funcionando?,0,0,0,1750482188099858575,0
https://x.com/dr_auziovarella/status/1753932862238150692,04/02/2024,@claszds amg vc conhece o itau cultural play? tem uns classicos brasileiros (inclusive esse) e √© de gra√ßa! bem legal... inclusive to de assistir esse filme por l√°,0,0,1,1753932862238150692,0
https://x.com/Cid1985/status/1751033797682839883,27/01/2024,"Cr√≠tica - Caf√© com Canela (2017)
O filme est√° disponivel na @PrimeVideoBR , no Itau Cultural Play e no @plex. Boa sess√£o para voc√™s.
https://t.co/eNDhbwnJm5 https://t.co/HhsJi2tCz5",0,0,0,1751033797682839883,0
https://x.com/andvilca/status/1753974493456851111,04/02/2024,"Melhor descoberta recente foi o Ita√∫ Cultural Play. V√°rias produ√ß√µes nacionais de gra√ßa e oficiais. No cat√°logo de anima√ß√£o tem Tito e os P√°ssaros e Al√©m da Lenda, entre outros",0,0,0,1753974493456851111,0
https://x.com/pombogey/status/1744947058161676410,10/01/2024,"@PeBallsOnCock @kmendoncafilho @letterboxd tem no Ita√∫ cultural play de gra√ßa, e tem outros dele l√° tbm",0,2,0,1744947058161676410,0
https://x.com/FilmeClub/status/1751033727742775492,27/01/2024,"Cr√≠tica - Caf√© com Canela (2017)
O filme est√° disponivel na @PrimeVideoBR , no Itau Cultural Play e no @plex. Boa sess√£o para voc√™s. 
https://t.co/N4FOkeGZTw https://t.co/J9WxIFA1d2",0,0,0,1751033727742775492,0
https://x.com/ddlmeloncake/status/1757592452855206262,14/02/2024,"@lele_da_cucaa @kaelltx ahhh ele est√° dispon√≠vel no app ita√∫ cultural play √© uma plataforma gratuita de filmes, s√©ries e anima√ß√µes brasileira que teve financiamento do ita√∫ cultural s√©rio √© √≥tima.",0,1,0,1757592452855206262,0
https://x.com/embusteirafofa/status/1754578358761894034,05/02/2024,"que desespero tentar assistir qualquer conte√∫do nessa plataforma do ita√∫ cultural play. n√£o espelha do celular para a TV, n√£o d√° para assistir no chrome (ao menos no meu notebook), tem que abrir outro navegador e mesmo assim, um curta de 16 minutos travou tr√™s vezes. PQP.",0,0,1,1754578358761894034,0
https://x.com/abcdoabc/status/1748246172404220139,19/01/2024,Ita√∫ Cultural Play exibe curtas-metragens da 27¬™ Mostra de Cinema de Tiradentes https://t.co/SSeEL2Bb0D https://t.co/KR8FftlJEV,0,0,0,1748246172404220139,0
https://x.com/LogLord99/status/1752410872562028935,30/01/2024,"@abcoutinho25 Ita√∫ cultural play, √© um streaming com produ√ß√µes BR e √© gr√°tis",0,1,1,1752410872562028935,0
https://x.com/fabricioko/status/1744145811720589643,07/01/2024,"O √≥timo document√°rio do grande Gerson King Combo est√° dispon√≠vel no Ita√∫ Cultural Play. √â s√≥ se cadastrar e assistir de gr√°tis.
https://t.co/SBErcyRPX1",1,3,0,1744145811720589643,0
https://x.com/tvcultura/status/1749857140322246812,23/01/2024,"Ita√∫ Cultural Play celebra 470 anos de SP com disponibiliza√ß√£o de filmes que retratam a cidade. #S√£oPaulo #Filmes #ItauCultural #Not√≠cias #S√£oPaulo470Anos 

https://t.co/UVr4V1pUcN",2,7,0,1749857140322246812,0
https://x.com/tcheca_lima/status/1748749525567648028,20/01/2024,@deusajaponica Fui pesquisar por onde posso assistir e descobri q existe o streaming gratuito ITA√ö CULTURAL PLAY simplesmente acervo incr√≠,0,0,1,1748749525567648028,0
https://x.com/jessiemaster/status/1756056614098837853,09/02/2024,"@noobinario Preces precipitadas de um lugar sagrado que n√£o existe mais, ta dispon√≠vel no Ita√∫ Cultural Play",0,0,0,1756056614098837853,0
https://x.com/HoraAM2/status/1745820195036242205,12/01/2024,"Na sexta-feira, 19 de janeiro, a Ita√∫ Cultural Play disponibiliza para  toda a fam√≠lia e o p√∫blico infantojuvenil uma programa√ß√£o especial de  f√©rias, repleta de novidades.

https://t.co/dis2uoXhCl",0,0,0,1745820195036242205,0
https://x.com/MeusiteBrasil/status/1747733124899901475,17/01/2024,"Programa√ß√£o De F√©rias No Ita√∫ Cultural Play: Espa√ßo Traz Filmes Com Foco No P√∫blico Infantojuvenil
https://t.co/wFYxDfDGrj

#ferias #itau #infantojuvenil #escola #desenhos #sbt #globo #filmes #netflix",0,1,0,1747733124899901475,0
https://x.com/HoraAM2/status/1744739179635048865,09/01/2024,"Abrindo a programa√ß√£o do ano na Ita√∫ Cultural Play, o filme O Bandido da  Luz Vermelha, do cineasta catarinense Rog√©rio Sganzerla, fica  dispon√≠vel ao p√∫blico a partir da pr√≥xima ter√ßa-feira, 9 de janeiro.

https://t.co/wEpZeyHgsb",0,0,0,1744739179635048865,0
https://x.com/fromchaaos/status/1746676991007379542,14/01/2024,"Pra quem se interessar, o filme est√° dispon√≠vel no Ita√∫ Cultural Play, que √© um streaming gratuito e tem v√°rios filmes nacionais legais. √â s√≥ criar uma conta e assistir",0,0,0,1746676991007379542,0
https://x.com/mulhernocinema/status/1752071317644513651,29/01/2024,"""Maria""""Curta dirigido por Elen Linth e Riane Nascimento
Protagonizado por Maria Morais
Assista na Ita√∫ Cultural Play https://t.co/LagCy9is07",0,1,1,1752071317644513651,0
https://x.com/sapatayeon/status/1741625779073548549,01/01/2024,"@alexandrialinks bom saber, eu vi ele no ita√∫ cultural play",0,1,1,1741625779073548549,0
https://x.com/em_com/status/1753063154161004576,01/02/2024,"Ita√∫ Cultural Play disponibiliza cinco curtas exibidos em Tiradentes

Filmes de Minas Gerais, Cear√°, Pernambuco e S√£o Paulo poder√£o ser assistidos gratuitamente at√© 9 de fevereiro na plataforma de streaming
https://t.co/RAy0JPAFvk",1,3,0,1753063154161004576,0
https://x.com/PerryNoceda/status/1757508016897675514,13/02/2024,"Link do perfil da pessoa que fez o edit: https://t.co/hxclWCGYkD

Onde posso assistir O Menino e O Mundo?
No streaming gratuito de produ√ß√µes nacionais, Itau Cultural Play.
https://t.co/gz75PeRv3D",0,3,0,1757508016897675514,0
https://x.com/alehandroduarte/status/1742723034618769503,04/01/2024,"@DecioRGBrito @andrezzarodart @oxentepipoca O terceiro tem no Ita√∫ Cultural Play, √© de gra√ßa. Sobre um carro que come√ßa a se comunicar com um homem e querer dominar o mundo",0,2,0,1742723034618769503,0
https://x.com/madlemonred/status/1753121678211645712,01/02/2024,"@namesbia torcendo muito, queria apresentar pra ele um grupo de teatro de SD q todos os atores s√£o, fizeram at√© filme, down quixote, q t√° no ita√∫ cultural play

e sim estarei aguardando a dire√ß√£o descer o cacete nele",0,1,1,1753121678211645712,0
https://x.com/rollingstoneBR/status/1749515949495951385,22/01/2024,"Anivers√°rio de S√£o Paulo: o Ita√∫ Cultural Play celebra os 470 anos da cidade com a exibi√ß√£o de filmes que a retratam - CONFIRA!

https://t.co/CVFBfx4U7L",0,1,0,1749515949495951385,0
https://x.com/mulhernocinema/status/1752072104059814333,29/01/2024,"""Transamazonia""
Longa dirigido por Bea Morbach, D√©bora Mcdowell e Renata Taylor
Protagonizado por Marcelly Roberts e Melissa Gabriela
Assista na Ita√∫ Cultural Play https://t.co/s5guIhG0fD",0,2,1,1752072104059814333,0
https://x.com/canalfutura/status/1751047620431417647,27/01/2024,"Por que os Patax√≥s se espalham pela Bahia? E por que a l√≠ngua original deste povo ficou adormecida por tantos anos? Assista #Patxoh√£L√≠nguaDeGuerreiros, hoje, √†s 22h, na faixa Mundo.doc ou quando quiser, pelo Itau Cultural Play . https://t.co/BFuxqMx6PL",0,7,0,1751047620431417647,0
https://x.com/mumutenta/status/1755226946961551765,07/02/2024,"@Abuksudan mas t√° dispon√≠vel no Ita√∫ cultural play at√© dia 9 de fevereiro mo 

https://t.co/AY7SehUGKS
s√≥ fazer um cadastro rapid√£o caso n√£o tenha e prontinho",0,2,1,1755226946961551765,0
https://x.com/itaucultural/status/1746962210713206922,15/01/2024,"@vperifericas Vamos l√°! ü§© A edi√ß√£o de 2024 do ‚ÄúFestival Vis√µes Perif√©ricas‚Äù (al√¥, @vperifericas) chega com o Pr√™mio Ita√∫ Cultural Play. Os filmes participantes da mostra competitiva ‚ÄúFronteiras Imagin√°rias‚Äù poder√£o concorrer ao pr√™mio!",1,1,1,1746962210713206922,0
https://x.com/itaucultural/status/1746962309669421233,15/01/2024,"@vperifericas üëâ O vencedor recebe o valor de R$ 15 mil, com licenciamento para a plataforma Ita√∫ Cultural Play (@itauculturalplay), pelo per√≠odo de 24 meses ‚Äì ap√≥s janela de 12 meses para exibi√ß√£o em festivais. A exclusividade √© apenas nos seis meses iniciais do licenciamento.",1,1,1,1746962309669421233,0
