content,title,commentId,parentId,upVotes,date,link
[deleted],,kdim4x5,18j5fx0,9,2023-12-15 20:31:27,https://www.reddit.com/r/hbo/comments/18j5fx0/why_is_it_so_hard_for_them_to_fix_this_bug/kdim4x5
lol no,,kdqe90u,kdqdqv9,1,2023-12-17 08:50:56,https://www.reddit.com/r/hbo/comments/18j5fx0/why_is_it_so_hard_for_them_to_fix_this_bug/kdqe90u
I know for the last month or so users have been experiencing a bug on the ps4 that prevents them from watching shows if headphones are plugged in. Any updates?,Update on ps4 bug?,14x7j16,0,12,2023-07-12 00:42:59,https://www.reddit.com/r/hbo/comments/14x7j16/update_on_ps4_bug/
"Nope, still having that problem on my PS4",,jroupt6,14x7j16,1,2023-07-12 17:53:05,https://www.reddit.com/r/hbo/comments/14x7j16/update_on_ps4_bug/jroupt6
"Yeah, no still won‚Äôt work with headphones. Super frustrating",,js87k5g,14x7j16,1,2023-07-16 20:29:52,https://www.reddit.com/r/hbo/comments/14x7j16/update_on_ps4_bug/js87k5g
I noticed that some movies not all are completely zoomed in and you can hardly see anything. I attached a picture of ‚Äúcabin in the woods‚Äù film you cant see any faces when your suppoused to see both of them all the way to the waist.,HBO MAX on roku bug,13gxn13,0,13,2023-05-14 01:35:38,https://www.reddit.com/r/hbo/comments/13gxn13/hbo_max_on_roku_bug/
[deleted],,jk2xu34,13gxn13,5,2023-05-14 05:17:35,https://www.reddit.com/r/hbo/comments/13gxn13/hbo_max_on_roku_bug/jk2xu34
"I have the same issue, unplug and plug back in and it usually works. Only happens once a month or so,  so its not a big deal to me",,jk9x00a,13gxn13,1,2023-05-15 20:47:30,https://www.reddit.com/r/hbo/comments/13gxn13/hbo_max_on_roku_bug/jk9x00a
It only happens on some movies on HBO MAX. it doesn affect any other movies on other streaming services. I also went through all my settings and everything is what it should be. Id figuered as well that if it was a setting issues it would effect all the movies on hbo max but it doesnt. My tv has roku integrated so the roku settings are the tv settings.,,jk30wk5,jk2xu34,1,2023-05-14 05:52:52,https://www.reddit.com/r/hbo/comments/13gxn13/hbo_max_on_roku_bug/jk30wk5
Unplug what?,,jk9ynec,jk9x00a,1,2023-05-15 20:58:16,https://www.reddit.com/r/hbo/comments/13gxn13/hbo_max_on_roku_bug/jk9ynec
I also have a Roku TV. Disney+ app was notorious for changing the settings I prefered. Bugs happen and it sucks. This could be on either end. Does it do the same on another device?  There will be a relaunch in about a week so hopefully it is fixed by then.,,jk4g23o,jk30wk5,1,2023-05-14 15:57:22,https://www.reddit.com/r/hbo/comments/13gxn13/hbo_max_on_roku_bug/jk4g23o
"Hdmi, probably should have mentioned that",,jkegzm2,jk9ynec,1,2023-05-16 19:56:42,https://www.reddit.com/r/hbo/comments/13gxn13/hbo_max_on_roku_bug/jkegzm2
I dont have a hdmi plugged in my roku is built into the tv,,jkej0ky,jkegzm2,1,2023-05-16 20:09:54,https://www.reddit.com/r/hbo/comments/13gxn13/hbo_max_on_roku_bug/jkej0ky
"Oh mkay, I have it as a stick, wellp I hope you manage to fix it",,jkgt3bz,jkej0ky,1,2023-05-17 06:45:42,https://www.reddit.com/r/hbo/comments/13gxn13/hbo_max_on_roku_bug/jkgt3bz
I was watching South Park then it asked me to update HBO in the middle of an episode so I did and now I can‚Äôt get back into my account cause it‚Äôs still asking for an update. Anyone know a fix?,HBO app bug,13cqnb6,0,6,2023-05-09 14:54:48,https://www.reddit.com/r/hbo/comments/13cqnb6/hbo_app_bug/
I get the same. Must be a general flaw!,,jjgxu85,13cqnb6,2,2023-05-09 14:58:37,https://www.reddit.com/r/hbo/comments/13cqnb6/hbo_app_bug/jjgxu85
"Tonight I was planning to watch the finale of Watchmen which I believe was an HBO funded show. And when you search the platform it is no where to be found. I even dug up an old link and it says ""Content not available""...

This is happening on multiple devices even when I click on links from official pages like [here](https://www.hbo.com/watchmen).

I couldn't find anything about this show leaving HBO and I was able to watch it just 2 hours ago...

This happen to anyone before?

Edit: Seems like a bug but it wasn't just me! It shows up today.

&#x200B;",Watchmen HBO Show seems to have randomly dissappeared,18fovec,0,110,2023-12-11 07:16:17,https://www.reddit.com/r/hbo/comments/18fovec/watchmen_hbo_show_seems_to_have_randomly/
"JustWatch still lists it under Max. Prime video says it‚Äôs available with a Max sub, so I think it‚Äôs a Max issue that they should fix.",,kcvx0hu,18fovec,26,2023-12-11 10:19:51,https://www.reddit.com/r/hbo/comments/18fovec/watchmen_hbo_show_seems_to_have_randomly/kcvx0hu
"It‚Äôs not showing up for me either. What the hell is the point of all this? What possible benefit could there be for anyone? 

But I‚Äôm glad there was a recent price hike, seems like the extra money is being put to good use",,kcw4vbu,18fovec,59,2023-12-11 11:58:23,https://www.reddit.com/r/hbo/comments/18fovec/watchmen_hbo_show_seems_to_have_randomly/kcw4vbu
Maybe I should buy the Blu Ray of this along with some other shows,,kcwbmhu,18fovec,12,2023-12-11 13:06:01,https://www.reddit.com/r/hbo/comments/18fovec/watchmen_hbo_show_seems_to_have_randomly/kcwbmhu
Missing for me as well.  Insane.,,kcw8dzx,18fovec,5,2023-12-11 12:35:17,https://www.reddit.com/r/hbo/comments/18fovec/watchmen_hbo_show_seems_to_have_randomly/kcw8dzx
ZASLAV,,kcxdytv,18fovec,9,2023-12-11 18:16:13,https://www.reddit.com/r/hbo/comments/18fovec/watchmen_hbo_show_seems_to_have_randomly/kcxdytv
"It isn't on the list of shows leaving HBO in December.

Look at the list leaving on December 31, the last day of the calendar year. Turns out that list exceeds the Reddit 10,000 characters per post.

https://www.sportskeeda.com/pop-culture/what-s-leaving-hbo-max-december-2023-complete-list-explored",,kcx4bvt,18fovec,4,2023-12-11 16:34:31,https://www.reddit.com/r/hbo/comments/18fovec/watchmen_hbo_show_seems_to_have_randomly/kcx4bvt
I still see it,,kcybj6e,18fovec,3,2023-12-11 21:55:08,https://www.reddit.com/r/hbo/comments/18fovec/watchmen_hbo_show_seems_to_have_randomly/kcybj6e
It‚Äôs on mine.  Just checked,,kczj059,18fovec,3,2023-12-12 02:47:10,https://www.reddit.com/r/hbo/comments/18fovec/watchmen_hbo_show_seems_to_have_randomly/kczj059
"For what it's worth I tried reaching support a few ways. Each time they said ""they can see it on their end""",,kcx2cxa,18fovec,5,2023-12-11 16:21:56,https://www.reddit.com/r/hbo/comments/18fovec/watchmen_hbo_show_seems_to_have_randomly/kcx2cxa
This is why I bought the 4k Blu ray,,kcw4zzg,18fovec,7,2023-12-11 11:59:49,https://www.reddit.com/r/hbo/comments/18fovec/watchmen_hbo_show_seems_to_have_randomly/kcw4zzg
"it‚Äôs not on my Max app either, just checked",,kcvk8pe,18fovec,2,2023-12-11 07:25:50,https://www.reddit.com/r/hbo/comments/18fovec/watchmen_hbo_show_seems_to_have_randomly/kcvk8pe
I hadn‚Äôt noticed but I can‚Äôt find it either when I try now (in US). JustWatch still shows it there so it‚Äôs either a glitch or they removed it recently.,,kcvk9sq,18fovec,2,2023-12-11 07:26:14,https://www.reddit.com/r/hbo/comments/18fovec/watchmen_hbo_show_seems_to_have_randomly/kcvk9sq
"It‚Äôs showing up for me on the app. Ep 1 played when I clicked play too.

Edit: DC content has been slowly moving to Netflix and Amazon. Might be moving to one of them in the next month.",,kczo8qp,18fovec,2,2023-12-12 03:23:31,https://www.reddit.com/r/hbo/comments/18fovec/watchmen_hbo_show_seems_to_have_randomly/kczo8qp
"Damn, one of my favorites, I hope you can watch as great ending",,kcw9nw3,18fovec,2,2023-12-11 12:47:42,https://www.reddit.com/r/hbo/comments/18fovec/watchmen_hbo_show_seems_to_have_randomly/kcw9nw3
Still not there only the movie and the complete motion comic. There has been a steep decline in quality when they changed to max with the merger.,,kcwdxgf,18fovec,2,2023-12-11 13:26:17,https://www.reddit.com/r/hbo/comments/18fovec/watchmen_hbo_show_seems_to_have_randomly/kcwdxgf
Probably a site issue. If it was being removed we would have read about it,,kcwh9br,18fovec,2,2023-12-11 13:53:50,https://www.reddit.com/r/hbo/comments/18fovec/watchmen_hbo_show_seems_to_have_randomly/kcwh9br
"Saw this post and wanted to open a ticket of my own (the show is one of my favorites, I think it's so important it's accessible). The agent claimed there was no information he could find regarding its removal so it looks like there's been a mistake of some kind. Hopefully they fix it soon, I feel like if they were going to remove Watchmen from Max there would be some publications reporting on it.",,kcxbxxz,18fovec,1,2023-12-11 17:22:09,https://www.reddit.com/r/hbo/comments/18fovec/watchmen_hbo_show_seems_to_have_randomly/kcxbxxz
"This sucks, especially without warning. I see the 2008 movie is there, as is the ""complete motion comic"", but not the show.",,kcxg04o,18fovec,1,2023-12-11 18:38:00,https://www.reddit.com/r/hbo/comments/18fovec/watchmen_hbo_show_seems_to_have_randomly/kcxg04o
Thanks alot Biden!,,kcxdlcg,18fovec,-1,2023-12-11 17:57:52,https://www.reddit.com/r/hbo/comments/18fovec/watchmen_hbo_show_seems_to_have_randomly/kcxdlcg
Wow ridiculous,,kcwrtl3,18fovec,0,2023-12-11 15:12:29,https://www.reddit.com/r/hbo/comments/18fovec/watchmen_hbo_show_seems_to_have_randomly/kcwrtl3
"Looks like more is leaving including The Batman. 
https://gamefaqs.gamespot.com/boards/206-comics-and-graphic-novels/80642412",,kcy742b,18fovec,0,2023-12-11 21:28:05,https://www.reddit.com/r/hbo/comments/18fovec/watchmen_hbo_show_seems_to_have_randomly/kcy742b
Wow. They keep doing this.  They sold Six Feet Under to Netflix. Who originally publishing that graphic novel ?,,kcyo7ch,18fovec,0,2023-12-11 23:17:07,https://www.reddit.com/r/hbo/comments/18fovec/watchmen_hbo_show_seems_to_have_randomly/kcyo7ch
We have suffered worse loses on HBO than that.,,kcw4fdt,18fovec,-13,2023-12-11 11:53:26,https://www.reddit.com/r/hbo/comments/18fovec/watchmen_hbo_show_seems_to_have_randomly/kcw4fdt
"Website still says ""watch now on max"". Hmmm.

[https://www.hbo.com/watchmen](https://www.hbo.com/watchmen)

Edit: Confirmed. Looked for it on Max Search (USA). It's not there. :-(",,kcw5q02,18fovec,1,2023-12-11 12:07:41,https://www.reddit.com/r/hbo/comments/18fovec/watchmen_hbo_show_seems_to_have_randomly/kcw5q02
I have been doing my rewatch with my Blu rays this week.,,kcw7sz2,18fovec,1,2023-12-11 12:29:28,https://www.reddit.com/r/hbo/comments/18fovec/watchmen_hbo_show_seems_to_have_randomly/kcw7sz2
"Dammit, I was gonna watch the show after I finish up the Sopranos.",,kcwega3,18fovec,1,2023-12-11 13:30:47,https://www.reddit.com/r/hbo/comments/18fovec/watchmen_hbo_show_seems_to_have_randomly/kcwega3
"Dammit, I was half way through (the second time)",,kcwhja6,18fovec,1,2023-12-11 13:56:02,https://www.reddit.com/r/hbo/comments/18fovec/watchmen_hbo_show_seems_to_have_randomly/kcwhja6
I see it on HBO on [YouTube TV](https://tv.youtube.com/browse/UC4EPyfVS1hQgFaCZBF_eYYg) but not on MAX,,kcwturf,18fovec,1,2023-12-11 15:26:18,https://www.reddit.com/r/hbo/comments/18fovec/watchmen_hbo_show_seems_to_have_randomly/kcwturf
Buy the shows and movies you like on disc or some other form of physical media. This is going to become more and more common as time passes,,kcxrkz6,18fovec,1,2023-12-11 19:54:25,https://www.reddit.com/r/hbo/comments/18fovec/watchmen_hbo_show_seems_to_have_randomly/kcxrkz6
"Part of the (former) advantage of subbing to streaming platforms for me was having access to their catalog of shows. Without that, it's much less worth it to continue doing so. Max is really shooting themselves it the foot",,kcy47fz,18fovec,1,2023-12-11 21:10:25,https://www.reddit.com/r/hbo/comments/18fovec/watchmen_hbo_show_seems_to_have_randomly/kcy47fz
I can see it. I have a Max subscription.,,kd0d2qw,18fovec,1,2023-12-12 07:06:04,https://www.reddit.com/r/hbo/comments/18fovec/watchmen_hbo_show_seems_to_have_randomly/kd0d2qw
It‚Äôs on my Max app.,,kd1trut,18fovec,1,2023-12-12 15:55:57,https://www.reddit.com/r/hbo/comments/18fovec/watchmen_hbo_show_seems_to_have_randomly/kd1trut
It's showing up for me,,kd24leh,18fovec,1,2023-12-12 17:03:40,https://www.reddit.com/r/hbo/comments/18fovec/watchmen_hbo_show_seems_to_have_randomly/kd24leh
"WestWorld 
was ‚Äò86‚Äôd too. 
You buy their platform 
which gives access to their content 
until it doesn‚Äôt",,kd3p8nj,18fovec,1,2023-12-12 22:51:43,https://www.reddit.com/r/hbo/comments/18fovec/watchmen_hbo_show_seems_to_have_randomly/kd3p8nj
"Heard they took off Westworld too, although I‚Äôd argue this is much less of a loss.",,kd4tdbe,18fovec,1,2023-12-13 03:30:37,https://www.reddit.com/r/hbo/comments/18fovec/watchmen_hbo_show_seems_to_have_randomly/kd4tdbe
"MAX sucks now!  I've been an HBO Max subcsciber for years now. HBO Max brought in a lot of new subscribers by offering a Theater Movie release every single month. Not low budget movies either. I'm sure HBO lost money, but they gained millions of subscribers with that ""gimmick."". Discovery bought out HBO Max and they GUTTED IT! Discovery took out most of the good content & substituted with a 1/4 of the shows that are on Discovery+ and then raised the prices by more than 25%.  Discovery even renamed HBO Max to just ""Max,"" which is ridiculous!   In my personal opinion, Max wouldn't be worth subscribing to even if it was $10 a month.   Discovery+ on the other hand is worth the $$$ in my opinion. I subscribe to both Max to Discovery +, BUT this is my final month with Max.  It's such a shame after being one of the very first HBO Max Subscribers.  I just wish HBO could go back to being HBO!",,kd9da07,18fovec,1,2023-12-14 01:13:22,https://www.reddit.com/r/hbo/comments/18fovec/watchmen_hbo_show_seems_to_have_randomly/kd9da07
"They remove shows so they don‚Äôt have to keep paying residuals to the actors, writers, and other creatives who made it. Too bad, because the Watchmen show was terrific.",,kcwgnw5,kcw4vbu,52,2023-12-11 13:49:05,https://www.reddit.com/r/hbo/comments/18fovec/watchmen_hbo_show_seems_to_have_randomly/kcwgnw5
Most streaming services make more money on ad supported tiers so they are moving old content to places like freevee and Pluto,,kd1xa7b,kcw4vbu,1,2023-12-12 16:18:26,https://www.reddit.com/r/hbo/comments/18fovec/watchmen_hbo_show_seems_to_have_randomly/kd1xa7b
"*Maybe I should buy*

*The Blu Ray of this along*

*With some other shows*

\- ShouldersofGiants127

---

^(I detect haikus. And sometimes, successfully.) ^[Learn&#32;more&#32;about&#32;me.](https://www.reddit.com/r/haikusbot/)

^(Opt out of replies: ""haikusbot opt out"" | Delete my comment: ""haikusbot delete"")",,kcwbnm0,kcwbmhu,11,2023-12-11 13:06:18,https://www.reddit.com/r/hbo/comments/18fovec/watchmen_hbo_show_seems_to_have_randomly/kcwbnm0
Got mine at Walmart for $20!!,,kcz4hjt,kcwbmhu,1,2023-12-12 01:09:04,https://www.reddit.com/r/hbo/comments/18fovec/watchmen_hbo_show_seems_to_have_randomly/kcz4hjt
The *worst* CEO,,kcxkivi,kcxdytv,4,2023-12-11 19:09:13,https://www.reddit.com/r/hbo/comments/18fovec/watchmen_hbo_show_seems_to_have_randomly/kcxkivi
ChaChing. lol,,kcxwp19,kcxdytv,2,2023-12-11 20:25:21,https://www.reddit.com/r/hbo/comments/18fovec/watchmen_hbo_show_seems_to_have_randomly/kcxwp19
217 titles being deleted Dec31. I wonder if there will be replacements. lol,,kcxxnld,kcx4bvt,3,2023-12-11 20:31:07,https://www.reddit.com/r/hbo/comments/18fovec/watchmen_hbo_show_seems_to_have_randomly/kcxxnld
Looks like a ton of Halloween and holiday movies leaving,,kcyb56h,kcx4bvt,2,2023-12-11 21:52:43,https://www.reddit.com/r/hbo/comments/18fovec/watchmen_hbo_show_seems_to_have_randomly/kcyb56h
"Looks like they are removing a TON of superhero content
Even ‚ÄúWatchmen: The Complete Motion Comic‚Äù is on there",,kcxir8t,kcx4bvt,3,2023-12-11 18:57:03,https://www.reddit.com/r/hbo/comments/18fovec/watchmen_hbo_show_seems_to_have_randomly/kcxir8t
"I don‚Äôt recall it was released in 4K. The HBO show, not the Zack Snyder film, only has a blu release IIRC.",,kcwhhbo,kcw4zzg,3,2023-12-11 13:55:36,https://www.reddit.com/r/hbo/comments/18fovec/watchmen_hbo_show_seems_to_have_randomly/kcwhhbo
Yup. Just checked and mine is still sitting on the shelf. We‚Äôre all good!,,kcwbx7j,kcw4zzg,1,2023-12-11 13:08:42,https://www.reddit.com/r/hbo/comments/18fovec/watchmen_hbo_show_seems_to_have_randomly/kcwbx7j
I will definitely find a way to watch it ‚öìÔ∏è,,kcxityq,kcw9nw3,2,2023-12-11 18:57:33,https://www.reddit.com/r/hbo/comments/18fovec/watchmen_hbo_show_seems_to_have_randomly/kcxityq
"Have you read the comic? I wonder how it does Justice to the comic. I loved the comic and the 2008 movie. I haven‚Äôt seen the show but the makeup for Manhattan looks disappointing. I heard they turned Rorshack into a alt right white supremacist, which is like furthest from what he is in the comics.",,kcwbs4y,kcw9nw3,-1,2023-12-11 13:07:27,https://www.reddit.com/r/hbo/comments/18fovec/watchmen_hbo_show_seems_to_have_randomly/kcwbs4y
"Would there? Yeah when Max was doing this at the beginning it was news. But now its common enough I don't think its really breaking news

A show wouldnt just completely disappear due to a technical glitch, while possible that is very very unlikely. Never heard of that ever happening. The far more likely explanation is, that its been removed like many other shows. Max has a ton of debt and have already said they are going to continue to remove shows to save on costs, and make then available to others to license

If Max wanted to remove it discreetly they aren't going to release a presser about it and a ticketing agent not knowing about it, really doesn't meant much",,kcy51s5,kcxbxxz,1,2023-12-11 21:15:33,https://www.reddit.com/r/hbo/comments/18fovec/watchmen_hbo_show_seems_to_have_randomly/kcy51s5
Yea that one episode has been one of my favorite episodes of any show for a while now. Too bad I can‚Äôt rewatch it. Don‚Äôt want to spoil anything for others but I‚Äôm sure most people at least enjoyed that episode as well and know what I‚Äôm talking about.,,kcxpcn9,kcwgnw5,4,2023-12-11 19:40:28,https://www.reddit.com/r/hbo/comments/18fovec/watchmen_hbo_show_seems_to_have_randomly/kcxpcn9
Yep. Greedy bastards.,,kcwr256,kcwgnw5,7,2023-12-11 15:07:13,https://www.reddit.com/r/hbo/comments/18fovec/watchmen_hbo_show_seems_to_have_randomly/kcwr256
I‚Äôve always wondered why streaming services pull their own shows. This makes sense.,,kcwmuq4,kcwgnw5,2,2023-12-11 14:37:04,https://www.reddit.com/r/hbo/comments/18fovec/watchmen_hbo_show_seems_to_have_randomly/kcwmuq4
And they will probably license it somewhere else,,kcwvia4,kcwgnw5,1,2023-12-11 15:37:23,https://www.reddit.com/r/hbo/comments/18fovec/watchmen_hbo_show_seems_to_have_randomly/kcwvia4
Good Bot.,,kcwsx8c,kcwbnm0,4,2023-12-11 15:20:02,https://www.reddit.com/r/hbo/comments/18fovec/watchmen_hbo_show_seems_to_have_randomly/kcwsx8c
A lot is stuff licensed to HBO likely as those contracts run out at the end of the year. There's always posts about what's being removed but usually never one's about what is being added.,,kd066fc,kcxxnld,2,2023-12-12 05:49:46,https://www.reddit.com/r/hbo/comments/18fovec/watchmen_hbo_show_seems_to_have_randomly/kd066fc
"Oh sorry yeah you're right, Blu ray. Still I made sure to get the physical version.",,kcwmva4,kcwhhbo,2,2023-12-11 14:37:11,https://www.reddit.com/r/hbo/comments/18fovec/watchmen_hbo_show_seems_to_have_randomly/kcwmva4
So they‚Äôre taking it off streaming‚Ä¶ but leaving it on shelves. Suuuuure‚Ä¶,,kcznxa6,kcwbx7j,1,2023-12-12 03:21:14,https://www.reddit.com/r/hbo/comments/18fovec/watchmen_hbo_show_seems_to_have_randomly/kcznxa6
the show takes place like 30 years after the comics and an alt right group has latched onto rorshacks writing and bases their iconography and appearance on him.,,kcwy7mm,kcwbs4y,6,2023-12-11 15:55:05,https://www.reddit.com/r/hbo/comments/18fovec/watchmen_hbo_show_seems_to_have_randomly/kcwy7mm
That‚Äôs not what happens,,kcwe5ii,kcwbs4y,7,2023-12-11 13:28:14,https://www.reddit.com/r/hbo/comments/18fovec/watchmen_hbo_show_seems_to_have_randomly/kcwe5ii
"The comic is it's own thing and superior to both, the Snyder film is an adaptation to the comic and the series is a sequel to the comic that completely ignores the Snyder film",,kcwqmud,kcwbs4y,4,2023-12-11 15:04:14,https://www.reddit.com/r/hbo/comments/18fovec/watchmen_hbo_show_seems_to_have_randomly/kcwqmud
"Rorscach isn‚Äôt in the tv show but he is absolutely a violent fascist in the comic, but the white supremacists take their cue from him and model themselves after him.",,kcxltsm,kcwbs4y,2,2023-12-11 19:17:49,https://www.reddit.com/r/hbo/comments/18fovec/watchmen_hbo_show_seems_to_have_randomly/kcxltsm
"Just saying it‚Äôs not a common practice for them with bigger shows and IPs, also if you research it these sort of issues do happen. I had a friend who used to work on content scheduling (not sure what the exact term is, but he was part of a team that determined when certain stuff would be released on the site) and this sort of thing isn‚Äôt unheard of. Not saying they‚Äôve never purged content discreetly, I just don‚Äôt quite think Watchmen is one of those cases. I Could be wrong though of course.",,kcy8eky,kcy51s5,1,2023-12-11 21:35:57,https://www.reddit.com/r/hbo/comments/18fovec/watchmen_hbo_show_seems_to_have_randomly/kcy8eky
"I liked the 80's when, for the most part, different sections of media companies were in their lane, so to speak. Movie studios produced movies and TV shows. TV networks aired the shows. Radio, print media, and music companies were mostly in separate entities. I wish that were still the case in the era of streaming. But what began with the creation of the Fox Network, and the first big media merger of Time Warner, it's led to some of us making a choice of what lane we're going to stay in. Those who have gone down the streaming route, there are obvious downsides.",,kd1ew79,kcwr256,3,2023-12-12 14:13:58,https://www.reddit.com/r/hbo/comments/18fovec/watchmen_hbo_show_seems_to_have_randomly/kd1ew79
physical copies is always the way to go.,,kcwoqgy,kcwmva4,2,2023-12-11 14:50:49,https://www.reddit.com/r/hbo/comments/18fovec/watchmen_hbo_show_seems_to_have_randomly/kcwoqgy
"Ah thank you. I spoke to one of my friends of iconic characters and mentioned Rorshack from Watchcmen (comic), and he got a bit upset at the time.",,kcxdzs3,kcwy7mm,1,2023-12-11 18:17:24,https://www.reddit.com/r/hbo/comments/18fovec/watchmen_hbo_show_seems_to_have_randomly/kcxdzs3
Thank you. Does it have anything to do with the Watchmen sequel comic: Doomsday Clock? the events that reset the new 52 into rebirth in 2016?,,kcxe1vd,kcwqmud,1,2023-12-11 18:19:42,https://www.reddit.com/r/hbo/comments/18fovec/watchmen_hbo_show_seems_to_have_randomly/kcxe1vd
"Eh. He‚Äôs basically what a Batman type vigilante would be in real life. You can call him a fascist, but that‚Äôs a bit of a stretch, imo.",,kcxmkmm,kcxltsm,-1,2023-12-11 19:22:38,https://www.reddit.com/r/hbo/comments/18fovec/watchmen_hbo_show_seems_to_have_randomly/kcxmkmm
I don‚Äôt think so,,kczb8fs,kcxe1vd,1,2023-12-12 01:54:30,https://www.reddit.com/r/hbo/comments/18fovec/watchmen_hbo_show_seems_to_have_randomly/kczb8fs
No,,kd11lxd,kcxe1vd,1,2023-12-12 12:19:37,https://www.reddit.com/r/hbo/comments/18fovec/watchmen_hbo_show_seems_to_have_randomly/kd11lxd
"People have been arguing Batman being a fascist or authoritarian for decades. Whether that is true or not, vigilantes are just plain bad for communities. The characters of Watchmen all come to that agreement (or at least they willingly come in from the cold), except for Rorschach, so the new hateful KKK-esque mob in the series props him up. I think it's done very smartly. You should definitely give it a shot if you're a fan of the comic, I was very shocked how much care was put into it.",,kcxt5fz,kcxmkmm,3,2023-12-11 20:03:54,https://www.reddit.com/r/hbo/comments/18fovec/watchmen_hbo_show_seems_to_have_randomly/kcxt5fz
"Oh I definitely think vigilante-sim is wrought with issues, [but there is a place for ‚Äúfrontier-justice‚Äù and the US court system has even held up vigilante Justice/ frontier-justice in a handful of cases.](https://en.m.wikipedia.org/wiki/Ken_McElroy) there is a reason Batman is so popular, and it‚Äôs for stepping in when the bureaucracy of the law falls short. 

Now if someone thinks the Batman is fascist autocrat, they either do not understand what autocracy is, or they do not understand who the Batman is.

Batman‚Äôs super power isn‚Äôt super strength, or that he can fly: his power is that he‚Äôs the ultimate good-guy billionaire boss. Which can seem like a paradox if you haven‚Äôt read the comics. Batman absolutely people‚Äôs his workers over profits. The Wayne family funds hospitals, public transport in Gotham, funds orphanages, takes in orphans. In the road to ‚ÄúNo Man‚Äôs Land‚Äù arc in 1998-2000, after Gotham was struck by a devastating earth quake, he put all his employees on paid PTO. His accountant refused, and Bruce Wayne almost fired his accountant for suggesting we don‚Äôt help people. Bruce 100% puts people over profits. He doesn‚Äôt kill. He doesn‚Äôt go after petty crime. He‚Äôs mentally I‚Äôll, but he is a genuinely good man, who is compassionate and deeply caring. Open to being wrong and self aware.

He just plummets super villains into submission when the restrictions of the law falls short.",,kczcggz,kcxt5fz,1,2023-12-12 02:02:49,https://www.reddit.com/r/hbo/comments/18fovec/watchmen_hbo_show_seems_to_have_randomly/kczcggz
[removed],,jm9erul,13vy18q,1,2023-05-30 23:13:00,https://www.reddit.com/r/hbo/comments/13vy18q/anybody_else_having_issues_with_the_ps4_max_app/jm9erul
Yes.,,jmb2jro,13vy18q,1,2023-05-31 07:35:08,https://www.reddit.com/r/hbo/comments/13vy18q/anybody_else_having_issues_with_the_ps4_max_app/jmb2jro
[deleted],,jmsntdm,13vy18q,1,2023-06-03 23:40:15,https://www.reddit.com/r/hbo/comments/13vy18q/anybody_else_having_issues_with_the_ps4_max_app/jmsntdm
Wtf!!!!ü§¨,,jrwj10q,13vy18q,1,2023-07-14 07:19:43,https://www.reddit.com/r/hbo/comments/13vy18q/anybody_else_having_issues_with_the_ps4_max_app/jrwj10q
"Your comment has been automatically filtered pending review. You seem to be new here. If this isn't spam/spoilers, we'll approve it shortly.

*I am a bot, and this action was performed automatically. Please [contact the moderators of this subreddit](/message/compose/?to=/r/hbo) if you have any questions or concerns.*",,jm9erwd,jm9erul,1,2023-05-30 23:13:01,https://www.reddit.com/r/hbo/comments/13vy18q/anybody_else_having_issues_with_the_ps4_max_app/jm9erwd
"Nope, it‚Äôs ridiculous",,jr0xkni,jqzrqdr,1,2023-07-07 15:08:47,https://www.reddit.com/r/hbo/comments/13vy18q/anybody_else_having_issues_with_the_ps4_max_app/jr0xkni
"Your comment has been automatically filtered pending review. You seem to be new here. If this isn't spam/spoilers, we'll approve it shortly.

*I am a bot, and this action was performed automatically. Please [contact the moderators of this subreddit](/message/compose/?to=/r/hbo) if you have any questions or concerns.*",,josv4qs,josv4ps,1,2023-06-20 07:30:58,https://www.reddit.com/r/hbo/comments/13vy18q/anybody_else_having_issues_with_the_ps4_max_app/josv4qs
Smh,,jrgl5hf,jr0xkni,1,2023-07-10 23:06:58,https://www.reddit.com/r/hbo/comments/13vy18q/anybody_else_having_issues_with_the_ps4_max_app/jrgl5hf
"Over the weekend I was finally taking the time to finish ROTK extended edition and left off with about 2 hours left. 

When I went to continue watching the next day, however, I noticed that Return of the King was the only extended edition film in the series that was removed with both Fellowship and Two Towers extended editions still there to watch. 

The standard edition ROTK is still there, but I really wanna finish with the extended edition. Can anyone else verify if this movie is gone for them too? Or is it just me and a bug may have occurred in my account?",LOTR ROTK Extended Edition Removed,18xrwiw,0,2,2024-01-03 19:37:48,https://www.reddit.com/r/HBOMAX/comments/18xrwiw/lotr_rotk_extended_edition_removed/
"It‚Äôs was a bug https://www.vulture.com/2024/01/lotr-return-of-the-king-extended-edition-max-removal.html

And it‚Äôs back",,kg790ia,18xrwiw,5,2024-01-03 23:37:12,https://www.reddit.com/r/HBOMAX/comments/18xrwiw/lotr_rotk_extended_edition_removed/kg790ia
[deleted],,kg7n1no,18xrwiw,4,2024-01-04 01:04:28,https://www.reddit.com/r/HBOMAX/comments/18xrwiw/lotr_rotk_extended_edition_removed/kg7n1no
"Hell yeah! Thank you for this, I know what I‚Äôm doing later today lmao",,kg7lodl,kg790ia,5,2024-01-04 00:55:51,https://www.reddit.com/r/HBOMAX/comments/18xrwiw/lotr_rotk_extended_edition_removed/kg7lodl
I know right?? Not to mention to me it feels like it has the most amount of changes between the three movies,,kg8l0kk,kg7n1no,3,2024-01-04 04:56:38,https://www.reddit.com/r/HBOMAX/comments/18xrwiw/lotr_rotk_extended_edition_removed/kg8l0kk
"I resubscribed to HBO Max about 2 months ago, and it‚Äôs already been almost a week without this bug being fixed. I have two TVs that are having this same problem. Wondering if anyone else had this happen to them and/or knows how to solve it?


Update: 
Thank you for the helpful replies, unfortunately none of them worked. I even resorted to factory resetting the tv, and even now it‚Äôs struggling to download. 

What I did was I deleted the HBO max app and opened the max app, which was automatically downloaded for me, but when I opened the app a screen came up telling me to install the app. I tried, each time it would load then say ‚Äúapplication has not been installed. Try again.‚Äù So I did try, many times. Network connection was stable, I even deleted apps in case there wasn‚Äôt enough storage some how. I deleted the app, tried again and again. Then, I factory reset. The next day, it still doesn‚Äôt download, and same screen comes up. It works on my phone, so now I stream my phone to the tv as a temporary fix.",‚ÄúMax‚Äù not downloading or updating on LG smart TV,13s34vn,0,6,2023-05-26 05:29:53,https://www.reddit.com/r/hbo/comments/13s34vn/max_not_downloading_or_updating_on_lg_smart_tv/
I had to uninstall HBO Max app and then install MAX to get it to work. Have you tried that?,,jlofjrk,13s34vn,6,2023-05-26 10:26:40,https://www.reddit.com/r/hbo/comments/13s34vn/max_not_downloading_or_updating_on_lg_smart_tv/jlofjrk
Max was already installed on my TV without me doing anything. Try scrolling through your apps.,,jlnura1,13s34vn,2,2023-05-26 05:58:54,https://www.reddit.com/r/hbo/comments/13s34vn/max_not_downloading_or_updating_on_lg_smart_tv/jlnura1
I manually installed the Max app on my 2 LG TVs then I deleted the HBO Max app.,,jlp0itq,13s34vn,2,2023-05-26 14:02:42,https://www.reddit.com/r/hbo/comments/13s34vn/max_not_downloading_or_updating_on_lg_smart_tv/jlp0itq
"I had the same problem with my Samsung smart tv, and the ol' ""turn it off then back on again"" trick worked for me. I completely shut it down, waited a sec, turn it back on, and Max downloaded just fine.",,jlpq7xe,13s34vn,1,2023-05-26 16:57:32,https://www.reddit.com/r/hbo/comments/13s34vn/max_not_downloading_or_updating_on_lg_smart_tv/jlpq7xe
"I have been having this issue since Max came out. I previously had HBO Max and unistalled it. But every time I go to install Max I hit the install button and... nothing happens. I've tried all the tricks, I have plenty of free space, nothing works.",,khmxqat,13s34vn,1,2024-01-13 06:37:18,https://www.reddit.com/r/hbo/comments/13s34vn/max_not_downloading_or_updating_on_lg_smart_tv/khmxqat
"Have this problem recently. App works on one of my LG tv but not the other. I did all the troubleshooting techniques on the website, and nothing helps. I ended up chatting with Max customer support and it seems to be a problem with software and will eventually require a patch on their next update. No idea on the timeline though.",,khqbvcf,13s34vn,1,2024-01-13 22:32:41,https://www.reddit.com/r/hbo/comments/13s34vn/max_not_downloading_or_updating_on_lg_smart_tv/khqbvcf
"PLEASE REVIVE THE LOONEY TUNES SHOW FOR ATLEAST 1 MORE SEASON it was canceled for actually the stupidest reason i have ever heard ""the executives thought it was bad"" well everyone else thought it was great. This show never deserved to stop amd deserves a revival plus in this day and age i need a show i can watch that will make me happy no other show does it like this show",PLEASE HBO IM BEGGING YOU,1789ep7,0,3,2023-10-15 07:36:19,https://www.reddit.com/r/hbo/comments/1789ep7/please_hbo_im_begging_you/
It was SO GOOD,,k505kmu,1789ep7,3,2023-10-15 18:49:18,https://www.reddit.com/r/hbo/comments/1789ep7/please_hbo_im_begging_you/k505kmu
This is not an HBO show. It is on the Max Streaming service which is owned by WBD. Direct your complaints to r/warnerbrosdiscovery,,k50x04h,1789ep7,2,2023-10-15 21:35:21,https://www.reddit.com/r/hbo/comments/1789ep7/please_hbo_im_begging_you/k50x04h
"This show was a scourge to Looney Tunes. 

Absolutely not.",,k4ypvku,1789ep7,-1,2023-10-15 12:28:04,https://www.reddit.com/r/hbo/comments/1789ep7/please_hbo_im_begging_you/k4ypvku
I actually think it had more do to with IP and Royalties over opinions of how good or bad it is/was.,,k50ehx7,1789ep7,1,2023-10-15 19:43:44,https://www.reddit.com/r/hbo/comments/1789ep7/please_hbo_im_begging_you/k50ehx7
Can we turn this outrage cannon on the John Wilson cancellation also?  I'll back you if you back me!,,k50hg0n,1789ep7,1,2023-10-15 20:01:48,https://www.reddit.com/r/hbo/comments/1789ep7/please_hbo_im_begging_you/k50hg0n
Lol ikr it's such a shame it got canceled right as the characters and story really started to progress,,k508j32,k505kmu,3,2023-10-15 19:07:15,https://www.reddit.com/r/hbo/comments/1789ep7/please_hbo_im_begging_you/k508j32
Why was it a scourge?,,k4zw9hu,k4ypvku,3,2023-10-15 17:51:25,https://www.reddit.com/r/hbo/comments/1789ep7/please_hbo_im_begging_you/k4zw9hu
Who's John wilson?,,k50i0p6,k50hg0n,1,2023-10-15 20:05:14,https://www.reddit.com/r/hbo/comments/1789ep7/please_hbo_im_begging_you/k50i0p6
But I mean yeah I'll def back you these 2 shows are great,,k536nxq,k50hg0n,1,2023-10-16 08:39:30,https://www.reddit.com/r/hbo/comments/1789ep7/please_hbo_im_begging_you/k536nxq
Bugs‚Ä¶.Badabuena?,,k508xrc,k508j32,1,2023-10-15 19:09:45,https://www.reddit.com/r/hbo/comments/1789ep7/please_hbo_im_begging_you/k508xrc
"Because it's absolutely nothing like the original LT from start to finish. Poorly written, voices are terrible, and the sound and colors are terrible.",,k50349g,k4zw9hu,-3,2023-10-15 18:34:14,https://www.reddit.com/r/hbo/comments/1789ep7/please_hbo_im_begging_you/k50349g
https://www.hbo.com/how-to-with-john-wilson,,k50mwrs,k50i0p6,1,2023-10-15 20:34:58,https://www.reddit.com/r/hbo/comments/1789ep7/please_hbo_im_begging_you/k50mwrs
What does badabuena mean?,,k50bn9u,k508xrc,0,2023-10-15 19:26:15,https://www.reddit.com/r/hbo/comments/1789ep7/please_hbo_im_begging_you/k50bn9u
"Well, if it was ‚Äòjust like the original‚Äô why make it at all.  Just watch the original.  If you simply are recreating it ‚Äî meaning almost a copy, it would be redundant.   We wouldn‚Äôt need it.",,k50esqo,k50349g,1,2023-10-15 19:45:37,https://www.reddit.com/r/hbo/comments/1789ep7/please_hbo_im_begging_you/k50esqo
"OK so like I thought your stuck on nostalgia for the old lt. The old looney tunes has no character development, no relatable stories, and no direction its a show made for kids and the only reason an adult would like it more is if they just are super nostalgic for it. And your points are all 
false and I don't care if you say ""well that's my opinion"" because the facts are this show had some of the greatest writing in looney tunes ever with some of the greatest writers ever, the voices sound great and are very similar to the og so saying they sound bad by proxy means the og voices are bad too, and saying the sound and colors are terrible... tf do you even mean by that it's a city with normal colors it's not like it's dazzled up mlt style it's literally normal colors.",,k505uhk,k50349g,-1,2023-10-15 18:50:57,https://www.reddit.com/r/hbo/comments/1789ep7/please_hbo_im_begging_you/k505uhk
You know the original still exists?,,k50rf3i,k50349g,1,2023-10-15 21:01:40,https://www.reddit.com/r/hbo/comments/1789ep7/please_hbo_im_begging_you/k50rf3i
Seems like a pretty good show what happened to it?,,k50o3ux,k50mwrs,1,2023-10-15 20:42:07,https://www.reddit.com/r/hbo/comments/1789ep7/please_hbo_im_begging_you/k50o3ux
Well aware,,k51bdpa,k50rf3i,1,2023-10-15 23:05:58,https://www.reddit.com/r/hbo/comments/1789ep7/please_hbo_im_begging_you/k51bdpa
"""Ended"".  Not clear if cancelled or if John Wilson ended it on his own but the way HBO is cutting shows I'm guessing the former.",,k50rz3t,k50o3ux,1,2023-10-15 21:05:05,https://www.reddit.com/r/hbo/comments/1789ep7/please_hbo_im_begging_you/k50rz3t
It was John‚Äôs decision,,k50wgax,k50rz3t,3,2023-10-15 21:32:07,https://www.reddit.com/r/hbo/comments/1789ep7/please_hbo_im_begging_you/k50wgax
That's sad,,k50wq4g,k50wgax,1,2023-10-15 21:33:43,https://www.reddit.com/r/hbo/comments/1789ep7/please_hbo_im_begging_you/k50wq4g
Every single time I start HBO and pick a show I have to turn subtitles back on. Why can‚Äôt I just keep them on permanently? Does this bother anyone else?,Why does HBO hate subtitles?,14zq7r9,0,33,2023-07-14 20:50:23,https://www.reddit.com/r/hbo/comments/14zq7r9/why_does_hbo_hate_subtitles/
"I actually have the opposite issue, I don't want them on, yet every time I log back in they are on.",,jrzf3ua,14zq7r9,7,2023-07-14 21:47:18,https://www.reddit.com/r/hbo/comments/14zq7r9/why_does_hbo_hate_subtitles/jrzf3ua
"It happens on the Max app on my older Apple TV device, but not on the most current model. Definitely annoying.",,jrzrdlx,14zq7r9,2,2023-07-14 23:11:49,https://www.reddit.com/r/hbo/comments/14zq7r9/why_does_hbo_hate_subtitles/jrzrdlx
It doesn‚Äôt happen to me,,jrz93hs,14zq7r9,3,2023-07-14 21:07:23,https://www.reddit.com/r/hbo/comments/14zq7r9/why_does_hbo_hate_subtitles/jrz93hs
That always happens to me! I have to press it TWICE in order for it to work. Ughhh,,jrzvrri,14zq7r9,1,2023-07-14 23:44:41,https://www.reddit.com/r/hbo/comments/14zq7r9/why_does_hbo_hate_subtitles/jrzvrri
Why did they throw away a perfectly good ap for an ap that sucks?,,js1fvew,14zq7r9,1,2023-07-15 08:23:06,https://www.reddit.com/r/hbo/comments/14zq7r9/why_does_hbo_hate_subtitles/js1fvew
I thought it was just me! The Max app was fine on all my devices up until recently. I keep wondering why the hell I keep having to put subtitles on every item I watch something on the app. It‚Äôs annoying.,,js2odt6,14zq7r9,1,2023-07-15 16:14:16,https://www.reddit.com/r/hbo/comments/14zq7r9/why_does_hbo_hate_subtitles/js2odt6
Yep! This happens to me and definitely bugs me!,,js3kt32,14zq7r9,1,2023-07-15 20:06:54,https://www.reddit.com/r/hbo/comments/14zq7r9/why_does_hbo_hate_subtitles/js3kt32
I‚Äôll trade you lol.,,jrzo1ah,jrzf3ua,7,2023-07-14 22:47:51,https://www.reddit.com/r/hbo/comments/14zq7r9/why_does_hbo_hate_subtitles/jrzo1ah
This happened to me! Had them on for Gomorrah and now they are in everything. Scared to turn them off since it was so painful to turn them on in the first place!,,js04rf7,jrzf3ua,3,2023-07-15 00:52:52,https://www.reddit.com/r/hbo/comments/14zq7r9/why_does_hbo_hate_subtitles/js04rf7
Same here.,,js0hx5k,jrzf3ua,1,2023-07-15 02:37:26,https://www.reddit.com/r/hbo/comments/14zq7r9/why_does_hbo_hate_subtitles/js0hx5k
Same problem. I have no idea how I did that but deleting my profile and recreating it fixed the problem. You lose your queue and watch history but that is fine with me. Sometimes it's good to clean the digital house.,,js3fab7,jrzf3ua,1,2023-07-15 19:26:54,https://www.reddit.com/r/hbo/comments/14zq7r9/why_does_hbo_hate_subtitles/js3fab7
"Just a heads up that might save you time: it seems like the Max app (like the HBOMax app) treats the trailers/commercials before an episode as a separate stream from the actual show. So if you're just starting an episode, get to the trailers/commercials, realize the subtitles are off, turn them on, and then you get to the show, and they're off again - I would recommend just waiting until you get to the show (intro or whatever), and then turn them on. If this is your problem it may save you from doing it twice.",,js0qpcy,jrzvrri,5,2023-07-15 03:51:57,https://www.reddit.com/r/hbo/comments/14zq7r9/why_does_hbo_hate_subtitles/js0qpcy
"Executive egos my friend. I make a good living warning my company about the consequences of the decisions they're about to make. Sometimes they listen, sometimes they don't. Often when they don't work out or they went about the implementation wrong they will reach out to the person(s) that warned them to fix the issues. My only advice is don't be a d¬°ckhole no matter how dumb the action may be. Staying positive through the ups and downs builds good rapport amongst the executive leadership community and workers down in the trenches.",,js3fzd4,js1fvew,1,2023-07-15 19:31:54,https://www.reddit.com/r/hbo/comments/14zq7r9/why_does_hbo_hate_subtitles/js3fzd4
"I'll try that,  thanks for the tip!",,js0wgce,js0qpcy,1,2023-07-15 04:44:41,https://www.reddit.com/r/hbo/comments/14zq7r9/why_does_hbo_hate_subtitles/js0wgce
,What‚Äôs New On HBO Max This April,11zvsrl,0,50,2023-03-23 20:12:14,https://www.reddit.com/r/HBOMAX/comments/11zvsrl/whats_new_on_hbo_max_this_april/
"This is the first time in a few months that I'm actually looking forward to what's getting added next month. Here's some highlights to point out from this list:

* More CW seasons (Walker Independence, The Winchesters, and Kung Fu) are getting added on April 1, 6, and 7 respectively.
* TNT's The Last Ship (I guessing the only catalog shows that'll be added are the ones that share streaming rights with Hulu) - April 11
* Titans, Max Original Season 4, Mid-Season Premiere - April 13
* Clone High (2002) - April 14
* Black Lady Sketch Show, Season 4 - April 14
* Barry, Season 4 Premiere (HBO) - April 16
* Doctor Who: Power of the Doctor, Special - April 23
* Love & Death, Max Original Limited Series Premiere - April 27
* Warner Bros. 100 Years, Max Original Docu Series Premiere - April 28
* Moonage Daydream, 2022 - April 29",,jdeimch,11zvsrl,26,2023-03-23 20:38:16,https://www.reddit.com/r/HBOMAX/comments/11zvsrl/whats_new_on_hbo_max_this_april/jdeimch
They‚Äôre taking more off than adding on lol,,jdekfmw,11zvsrl,21,2023-03-23 20:49:47,https://www.reddit.com/r/HBOMAX/comments/11zvsrl/whats_new_on_hbo_max_this_april/jdekfmw
"The original season of Clone High's coming, so hopefully the revival is releasing soon?",,jdej5ra,11zvsrl,11,2023-03-23 20:41:41,https://www.reddit.com/r/HBOMAX/comments/11zvsrl/whats_new_on_hbo_max_this_april/jdej5ra
I am so happy we‚Äôre getting more Looney Tunes. I‚Äôve been so depressed,,jdglapd,11zvsrl,4,2023-03-24 06:34:43,https://www.reddit.com/r/HBOMAX/comments/11zvsrl/whats_new_on_hbo_max_this_april/jdglapd
Hell yes more Looney Tunes Cartoons! So happy to see that can‚Äôt wait it‚Äôs been a while,,jdet0w5,11zvsrl,3,2023-03-23 21:44:43,https://www.reddit.com/r/HBOMAX/comments/11zvsrl/whats_new_on_hbo_max_this_april/jdet0w5
Finally Moonage Daydream üòç,,jdf4tax,11zvsrl,3,2023-03-23 23:05:33,https://www.reddit.com/r/HBOMAX/comments/11zvsrl/whats_new_on_hbo_max_this_april/jdf4tax
"Meh. Nothing really jumping out at me which is a bummer because I almost always look forward to what‚Äôs on HBOMax‚Äôs list compared to Netflix, Hulu, etc.",,jdf99tr,11zvsrl,4,2023-03-23 23:36:33,https://www.reddit.com/r/HBOMAX/comments/11zvsrl/whats_new_on_hbo_max_this_april/jdf99tr
So many good movies leaving on April 20,,jdgcjw7,11zvsrl,2,2023-03-24 04:48:11,https://www.reddit.com/r/HBOMAX/comments/11zvsrl/whats_new_on_hbo_max_this_april/jdgcjw7
"We're 3 for 3. Barry, Somebody Somewhere, and A black lady sketch show. 

A magnificent line up for me next month.",,jdhbd0d,11zvsrl,2,2023-03-24 12:10:12,https://www.reddit.com/r/HBOMAX/comments/11zvsrl/whats_new_on_hbo_max_this_april/jdhbd0d
Doesn‚Äôt matter. Can‚Äôt get it to stream a whole show or movie without buffering every minute,,jdfcg17,11zvsrl,-5,2023-03-23 23:58:48,https://www.reddit.com/r/HBOMAX/comments/11zvsrl/whats_new_on_hbo_max_this_april/jdfcg17
"If it says (HBO) that means it's still on Max, right?

Also, why isn't MK: Snow Blind here yet?",,jdigsbc,11zvsrl,1,2023-03-24 16:58:06,https://www.reddit.com/r/HBOMAX/comments/11zvsrl/whats_new_on_hbo_max_this_april/jdigsbc
Looks like they're taking off a LOT of films - even more so than this month.,,jdejjyi,jdeimch,17,2023-03-23 20:44:10,https://www.reddit.com/r/HBOMAX/comments/11zvsrl/whats_new_on_hbo_max_this_april/jdejjyi
"Yes, I am surprised about how stacked the month is compared to the last few months.",,jdej8po,jdeimch,5,2023-03-23 20:42:12,https://www.reddit.com/r/HBOMAX/comments/11zvsrl/whats_new_on_hbo_max_this_april/jdej8po
It happens all the time since most of it is stuff on HBO that is only contracted for a few months at a time to air that also ends up on Max.,,jdesxm7,jdekfmw,0,2023-03-23 21:44:08,https://www.reddit.com/r/HBOMAX/comments/11zvsrl/whats_new_on_hbo_max_this_april/jdesxm7
There's a panel on the revival at WonderCon this weekend.  I'm hoping we get a release date during it.,,jdeupqj,jdej5ra,3,2023-03-23 21:55:47,https://www.reddit.com/r/HBOMAX/comments/11zvsrl/whats_new_on_hbo_max_this_april/jdeupqj
"The HBOmax tweeted earlier today it‚Äôs due this Spring

(ignore if this was previously known)",,jdletqy,jdej5ra,1,2023-03-25 06:49:40,https://www.reddit.com/r/HBOMAX/comments/11zvsrl/whats_new_on_hbo_max_this_april/jdletqy
same with Bugs Bunny Builders!,,jdflvli,jdet0w5,2,2023-03-24 01:06:04,https://www.reddit.com/r/HBOMAX/comments/11zvsrl/whats_new_on_hbo_max_this_april/jdflvli
I‚Äôve found several movies from the leaving list that aren‚Äôt availabile now,,jdgwdoj,jdgcjw7,1,2023-03-24 09:13:50,https://www.reddit.com/r/HBOMAX/comments/11zvsrl/whats_new_on_hbo_max_this_april/jdgwdoj
Sounds like a personal issue,,jdfsqrw,jdfcg17,6,2023-03-24 01:57:04,https://www.reddit.com/r/HBOMAX/comments/11zvsrl/whats_new_on_hbo_max_this_april/jdfsqrw
"I have the same problem with my Chromecast. I usually have to cast the app from my phone in order for it to work, and 25% of the time I'll get an error message where I'm just not able to play anything",,jdg2tto,jdfcg17,1,2023-03-24 03:17:40,https://www.reddit.com/r/HBOMAX/comments/11zvsrl/whats_new_on_hbo_max_this_april/jdg2tto
Except most are WB owned films. They are licensing them out to other streaming services now. It‚Äôs like why bother with HBO Max,,jdfsavh,jdesxm7,11,2023-03-24 01:53:47,https://www.reddit.com/r/HBOMAX/comments/11zvsrl/whats_new_on_hbo_max_this_april/jdfsavh
Netflix and Hulu run perfectly fine. Hbo max is the only issue. Looked it up and seems a lot of people have the same issue,,jdfv2dw,jdfsqrw,1,2023-03-24 02:14:54,https://www.reddit.com/r/HBOMAX/comments/11zvsrl/whats_new_on_hbo_max_this_april/jdfv2dw
"Thats a minor part of this. They have always done this, rotating their WB catalogue, its their tactic to increase engagement with movies, and it works, the trending tab is always dominated by just added and leaving soon films. You can see a lot of the same films getting added and removed every few months and I've seen the majority of these films on the leaving section at least once already in the past year.",,jdfyo6c,jdfsavh,4,2023-03-24 02:43:09,https://www.reddit.com/r/HBOMAX/comments/11zvsrl/whats_new_on_hbo_max_this_april/jdfyo6c
[deleted],,jdhcrlj,jdfyo6c,3,2023-03-24 12:22:48,https://www.reddit.com/r/HBOMAX/comments/11zvsrl/whats_new_on_hbo_max_this_april/jdhcrlj
"It‚Äôs announced in the ‚Äúleaving soon‚Äù section. If it‚Äôs not on there and still yank it, then I agree that‚Äôs shit.",,jdi97m0,jdhcrlj,2,2023-03-24 16:10:31,https://www.reddit.com/r/HBOMAX/comments/11zvsrl/whats_new_on_hbo_max_this_april/jdi97m0
"Why does the ""El Jard√≠n de Bronce"" series on HBO Max Brazil has the first season with the original audio, and the second only with English Dubs? 

The show is a HBO Original... why only Amazon Prime users can access with with the original audio, and we on HBO Max can't?",El Jard√≠n de Bronce,158paws,0,0,2023-07-24 23:29:11,https://www.reddit.com/r/HBOMAX/comments/158paws/el_jard√≠n_de_bronce/
GARCIA! was like this for the longest time but I just checked and now episode 2 has Spanish audio available with English subtitles. if it's a newer show maybe wait a while and they'll fix it?,,jtfkejm,158paws,1,2023-07-25 21:24:53,https://www.reddit.com/r/HBOMAX/comments/158paws/el_jard√≠n_de_bronce/jtfkejm
"The show iS from 2017... what bugs me is that on Amazon Prime, the original audio is there... and this is a HBO ORIGINAL....

But hopefukly they'll fix it soon",,jtfkntx,jtfkejm,2,2023-07-25 21:26:28,https://www.reddit.com/r/HBOMAX/comments/158paws/el_jard√≠n_de_bronce/jtfkntx
