reviewId,userName,userImage,content,score,thumbsUpCount,reviewCreatedVersion,at,replyContent,repliedAt,appVersion
420f0339-478c-4e19-aea1-882ad18a4dcf,Fernando Costa,https://play-lh.googleusercontent.com/a-/ALV-UjXBtXgnOi80dmhuwlhkS1P8yJrYn0T2mL7bLSsouGC32gQ,"Excellent contents on a miserable app. Used to work much better before adds starting popping up every time before the content. The only way to listen to audio contents is with screen always on, otherwise it just stops playing after a few seconds...and then adds again to resume playing. That makes this app unusable for this kind of content. It used to work much better some time ago...sadly, a missing opportunity to deliver a great public service.",1,13,2.0.44,2023-07-07 09:45:27,,,2.0.44
1c8d21d3-90c8-43e7-90a3-ff97ea56453b,Gregg Thompson,https://play-lh.googleusercontent.com/a/ACg8ocI4CuLocNDpyW9BfJeuVRLiI6a_Scjy-oQ68Ix5w6ElqYA=mo,"Hi, great app but the closed captions (subtitles) button doesn't work. The captions do work in the web browser. Please fix! Also, such a pity that some shows don't have online rights and don't play. Otherwise a goldmine for people learning the language.",4,30,2.0.19,2020-10-10 17:58:33,,,2.0.19
6478dfcc-181b-4e7f-8c73-4a349c936a9b,Nigel,https://play-lh.googleusercontent.com/a-/ALV-UjX_P_l1uRceyG278LxdSoxdIp9M4KD7VsKullF-RygZ-iWy,"Not good enough like the website. It does not have English subtitles for many shows when website version has the English subtitles. Also, the ad that is shown before playing every video on app is very repeatative and unskippable. At least show relevant ads.",2,14,2.0.32,2022-01-13 18:02:21,,,2.0.32
af4640c6-e696-4591-92e6-b827a0f9c8c2,Tiago Diniz-Porto,https://play-lh.googleusercontent.com/a-/ALV-UjWYtAW49IFo7-a0IN47ZgtJGbMm-euRwfrU30imvjZa-0Q,"PS (sugest√£o): seria bom a app ter a possibilidade de p√¥r para tr√°s os programas que est√£o a ser emitidos em directo) - porqu√™ a n√£o h√°? _____ RTP Play is the 'made-in-Portugal' Netflix (as SIC is now also trying with Opto) - one of the very best portuguese public investments of our days (and eventually ever - as never before it is lifting up my country's creativity in so many different areas. Congratulations to who had this idea, and to those turning it into such a great tool - e, PARAB√âNS RTP!",5,29,2.0.36,2022-08-22 00:32:35,,,2.0.36
5fda2bf4-71f3-40fb-8526-50bb116431f8,Ivan Jet√°,https://play-lh.googleusercontent.com/a-/ALV-UjXh4auUUO0XeWmpltPminej45VxTsRnsgNoJ7-Re9_0Tw,Half working app. The stream stops a minute or so after you lock the screen. This absolutely puts an end of you trying to listen to the radio on the go for instance.,2,22,2.0.19,2020-12-09 12:18:10,,,2.0.19
b3cde9ed-a8e9-42ae-8b19-f6d0617f6d49,Valerio Bettini,https://play-lh.googleusercontent.com/a-/ALV-UjXDDCbrpzQGybAz3y8058QLKfdq13chMljErPDZkHwFEI73,Advertisement is displayed and when it finishes any movie/show doesn't start. (Android 11) Went to report a problem and the message wasn't sent. Please make an effort to develop this app better...,1,13,2.0.28,2021-05-08 22:26:19,,,2.0.28
cd2dcedc-b750-49e9-bccd-bc99c40329ab,A Google user,https://play-lh.googleusercontent.com/EGemoI2NTXmTsBVtJqk8jxF9rh8ApRWfsIMQSt2uE4OcpQqbFu7f7NbTK05lx80nuSijCz7sc3a277R67g,"Used to work, but the last few months I cannot access it... just buffering and does not work. I used in the past for the telejornal, something changed. Very disappointing",1,17,1.0.9,2019-03-22 23:25:23,,,1.0.9
136bc92a-d2d5-4906-a265-e1e0d24f28b5,A Google user,https://play-lh.googleusercontent.com/EGemoI2NTXmTsBVtJqk8jxF9rh8ApRWfsIMQSt2uE4OcpQqbFu7f7NbTK05lx80nuSijCz7sc3a277R67g,I am not able to watch recorded programs or live channels. just showing loading cicle. I have it installed on two different android boxes.,1,7,1.0.9,2019-05-31 01:20:47,,,1.0.9
ac7f268a-80fc-4b2d-bbf5-8f85bd218641,A Google user,https://play-lh.googleusercontent.com/EGemoI2NTXmTsBVtJqk8jxF9rh8ApRWfsIMQSt2uE4OcpQqbFu7f7NbTK05lx80nuSijCz7sc3a277R67g,Does not have Chromecast support and will not install on Nvidia Shield TV so there is no way to get this onto my big screen. Nao tem Chromecast nem travalha no Nvidia Shield TV!,1,10,1.0.8,2018-11-04 05:24:08,,,1.0.8
d46e765e-e38a-4811-9a5d-258f992ef973,A Google user,https://play-lh.googleusercontent.com/EGemoI2NTXmTsBVtJqk8jxF9rh8ApRWfsIMQSt2uE4OcpQqbFu7f7NbTK05lx80nuSijCz7sc3a277R67g,"stops a lot! comparing to r√°dio comercial app and other r√°dios in Portugal!! G'day bom dia! Re installed it today, 7th December 2019, much better! G'day! ü§ôüç∫üá¶üá∫",4,14,2.0.4,2019-12-07 02:06:13,"Caro Jos√© Costa, obrigado pelo seu coment√°rio. A RTP Play emite alguns conte√∫dos (em direto e a pedido) em qualidade HD. Para obter a melhor experi√™ncia poss√≠vel √© necess√°rio uma boa disponibilidade de rede. A √∫ltima atualiza√ß√£o melhorou algumas quest√µes, mas n√£o nos √© poss√≠vel controlar a disponibilidade das redes m√≥veis.",2019-12-17 08:05:45,2.0.4
c11627e8-7322-45bd-bf3b-f8163b37085b,Jo√£o Correia,https://play-lh.googleusercontent.com/a-/ALV-UjWB1V1QIPgJtUdZIN2m2L0jl9HjTZSTfecPqR4-Xfs0NlzK,"stopped to work once made the update. i can get in the app, but I am unable to see any live or series.",1,11,2.0.31,2021-08-04 20:51:06,,,2.0.31
3fb369f6-639c-410c-b3d7-d2ab576a1b6b,Flor,https://play-lh.googleusercontent.com/a/ACg8ocKzQZdLyBCxSP1yBeGod2FeH9NdryhF6TzDr-EZas_-=mo,"It's good but I don't understand why the subtitles option doesn't work, I click on it and nothing happens. Can you help please",4,14,2.0.16,2020-06-23 21:50:04,,,2.0.16
aaebd8c5-64a6-4adf-a6f0-aa126706fe74,Maria da Luz Alexandrino,https://play-lh.googleusercontent.com/a-/ALV-UjWeftEPBsIGKajEH76nMKxBOI9k-GtqqhsCkjhY62dE-w,Does not refresh. Force stop is the only way to download updated news.,1,2,2.0.44,2023-09-17 20:12:15,,,2.0.44
7a6b0739-9839-405d-ba79-77bb262def71,A Google user,https://play-lh.googleusercontent.com/EGemoI2NTXmTsBVtJqk8jxF9rh8ApRWfsIMQSt2uE4OcpQqbFu7f7NbTK05lx80nuSijCz7sc3a277R67g,In general it's a good app. But I miss the connection to chromecast...,3,3,1.0.9,2019-04-16 18:43:56,,,1.0.9
0f988675-46b8-4201-96d1-f8add6587930,A Google user,https://play-lh.googleusercontent.com/EGemoI2NTXmTsBVtJqk8jxF9rh8ApRWfsIMQSt2uE4OcpQqbFu7f7NbTK05lx80nuSijCz7sc3a277R67g,This new version is just showing a black screen but no direct video on my android 5 tablet.,2,20,2.0.3,2019-10-20 18:04:27,"Dear user thank you for your comment. 
This new update has android 9 support.",2019-09-13 18:54:22,2.0.3
8dc4a739-5fd5-48f7-a6c0-639ed4294c5e,jorge Guerreiro,https://play-lh.googleusercontent.com/a/ACg8ocINieBAn5L0mUGL2qeNsO1AN-JZjMSob3qSnbxJB74S=mo,Just use for be updated with the Portuguese news,5,1,2.0.40,2023-03-01 02:52:49,,,2.0.40
bf46ea4c-0c33-4830-8593-3a63a12273d3,A Google user,https://play-lh.googleusercontent.com/EGemoI2NTXmTsBVtJqk8jxF9rh8ApRWfsIMQSt2uE4OcpQqbFu7f7NbTK05lx80nuSijCz7sc3a277R67g,"Cannot open it on MINIX UH9, crashes on launch! MUITO MAU!!!",1,6,1.0.9,2019-05-08 06:54:13,,,1.0.9
2b3ead2a-f119-4e15-996b-0d5d13b9fe03,Bruno Espada,https://play-lh.googleusercontent.com/a-/ALV-UjXB8ag6g0M4nbbgBvtTmnPfxn4OfAcWS6RrtZ7ub1ZGAg,Always freezing. But ads always work...,2,14,2.0.31,2021-09-20 19:26:05,,,2.0.31
652fafaa-ff89-416b-b7b5-7e3ae44ac0a1,Allie IsWell,https://play-lh.googleusercontent.com/a-/ALV-UjXo_AZWvSBcvsVbXFpji2ox7LIdHRjYCwysgWeQspCNiZU,The app works well but PLEASE add subtitles,3,0,2.0.40,2022-12-09 00:57:51,,,2.0.40
947068d2-b907-4d3a-bb19-5c5784b6ac42,A Google user,https://play-lh.googleusercontent.com/EGemoI2NTXmTsBVtJqk8jxF9rh8ApRWfsIMQSt2uE4OcpQqbFu7f7NbTK05lx80nuSijCz7sc3a277R67g,"Any single channel won't Play, newest Samsung. Booh!",1,5,1.0.8,2019-02-18 15:44:52,,,1.0.8
fd190b04-9da8-4af1-861f-2a6333df3085,Angelo & Fatima Da Costa,https://play-lh.googleusercontent.com/a/ACg8ocKpIAHtYt48PWkIe_MvBVGrd6SFF3LOjhgiVR3MIf8c=mo,Keeps freezing over and over very annoying,1,4,2.0.31,2021-09-25 19:07:34,,,2.0.31
7a65e2fa-a6aa-4940-916b-a5db83dda785,Catarina Guerreiro,https://play-lh.googleusercontent.com/a/ACg8ocLUSv61vTY3AJRs4tjwRAuMRXVlvX5LhGYDK6GRx5nOIg=mo,Saddly doesn't cast to chromecast as announced.,5,2,2.0.19,2020-10-11 13:57:59,,,2.0.19
31f3e50f-eb00-4acc-a169-483160407c79,Pedro Almeida,https://play-lh.googleusercontent.com/a-/ALV-UjVd7Vuq-rzsnKnwh-TFUvJQJKhUnOFsYvwkUqyyfk85r15T,Too many unskipable ads.,1,0,2.0.31,2023-08-12 01:49:46,,,2.0.31
bed38adb-fa51-400a-82dd-325acede2786,Lusitano Viriato,https://play-lh.googleusercontent.com/a/ACg8ocLFDA9K0T6i5auziCZqn2tx19eYP1Rk9kU3xFvO4XQX=mo,"rubbish. if not for some news i only get: ""this program has no rights of transmission"" after the news..",2,12,2.0.16,2020-06-14 04:52:49,,,2.0.16
2892d05d-944a-4d31-a2e2-18a5d1859858,N√âLIDA DE MARQUES,https://play-lh.googleusercontent.com/a-/ALV-UjWb2sRzOZ5o3PRrE1-5zEzFgBaPqyg4la_ciS3ODDg4-A,It's a very good application ! Thanks for it !,5,0,1.0.37,2023-08-31 07:33:14,,,1.0.37
0e71417a-b15d-4ddd-b230-a85001c2b350,deadelvis,https://play-lh.googleusercontent.com/a/ACg8ocIYM86eJz4GoAFSpJNzB4uolsBh5Fyn6XLjazUsweyZvA=mo,updating the app without specifying what's new is lazy poor practice and disrespectful to users,2,0,1.0.37,2023-06-04 19:37:06,,,1.0.37
fe359815-5f50-45d5-a339-2aabfa463ff4,A Google user,https://play-lh.googleusercontent.com/EGemoI2NTXmTsBVtJqk8jxF9rh8ApRWfsIMQSt2uE4OcpQqbFu7f7NbTK05lx80nuSijCz7sc3a277R67g,"Useless, just a loading screen",1,2,1.0.9,2019-09-08 16:22:30,"Cara Ana Guerrinha, obrigado pelo seu coment√°rio.
Atualiz√°mos a aplica√ß√£o RTP Play e o problema que relata dever√° j√° estar resolvido. 
Caso encontre alguma quest√£o, pedimos-lhe que envie o seu coment√°rio para o email de suporte play@rtp.pt.",2019-09-13 11:05:22,1.0.9
77de11c8-e798-41cb-9bd6-ca5d10efb2be,A Google user,https://play-lh.googleusercontent.com/EGemoI2NTXmTsBVtJqk8jxF9rh8ApRWfsIMQSt2uE4OcpQqbFu7f7NbTK05lx80nuSijCz7sc3a277R67g,"Top news, information on time",5,9,2.0.6,2020-02-10 20:39:54,"Caro Jose M Chichava, obrigado pelo seu coment√°rio.",2020-02-12 18:31:57,2.0.6
cc81b3b4-f019-4961-ba68-40d8691e16c7,G Xg,https://play-lh.googleusercontent.com/a/ACg8ocIcZIDEnWSOmFVk8hMF--wfVFakfgNvBCuR2drpkjMgreA=mo,Unable to open the app,1,0,,2021-10-10 03:45:07,,,
2db69f20-3238-4015-b7f2-5efcc82e4c4d,Jean La Fontaine,https://play-lh.googleusercontent.com/a/ACg8ocLasHxz9H99ocyb34G98lg3QdxPqwAgfMCx4DA2nG6-=mo,you can access the app but I can't watch any content,1,1,1.0.36,2023-04-19 11:16:30,,,1.0.36
68ba076a-772d-4460-acea-f7a3bbe4651a,A Google user,https://play-lh.googleusercontent.com/EGemoI2NTXmTsBVtJqk8jxF9rh8ApRWfsIMQSt2uE4OcpQqbFu7f7NbTK05lx80nuSijCz7sc3a277R67g,App is working well. Thank you.,5,2,2.0.2,2019-09-14 15:24:19,"Dear Cedar Drive, thank you for your comment.
The issue you are reporting is already solved in this new update.",2019-09-13 18:55:42,2.0.2
691b0573-d1f7-4b46-8210-5d94a89398dd,borja1000,https://play-lh.googleusercontent.com/a-/ALV-UjVYRbuMQW35UMUe6e_t4igyYU7kLwEqUHClcMv-TGz5Ug,N√£o tem funcionalidade de ChromeCast???,2,0,2.0.40,2022-11-29 00:03:19,,,2.0.40
32696645-39cd-4131-98f2-186f8889eefa,A Google user,https://play-lh.googleusercontent.com/EGemoI2NTXmTsBVtJqk8jxF9rh8ApRWfsIMQSt2uE4OcpQqbFu7f7NbTK05lx80nuSijCz7sc3a277R67g,Does not work in the USA. Uninstalled it .,1,3,,2018-12-24 02:59:22,,,
e58da44f-43c3-4ebe-9ed1-36b8061d9050,Marina Almeida,https://play-lh.googleusercontent.com/a-/ALV-UjWsyx3RmyQE2T7v06yX-wBPgqMx3fj5OsBX-P2P5WyOjK8,"It 's dont work,in my tablet android,..",1,5,2.0.28,2021-06-01 22:58:41,,,2.0.28
aed96a06-7a70-43e8-88c5-1fcac213a89c,Rui Romano,https://play-lh.googleusercontent.com/a-/ALV-UjUYDbfqAAlv6vYXAg6OJtTRmXNp0QzRnan-16jsXvvRHz9F,too much publicity,2,0,,2023-11-18 18:49:45,,,
7ba5daac-d70f-421c-bd20-b9e5934b1e93,Antonio Andrade,https://play-lh.googleusercontent.com/a-/ALV-UjVjR0pqPJxNtPvEtMMp2tIKir2sM2AotAtGqko6OfbheCuK,"Good, ut fails sometimes",5,0,2.0.44,2023-10-05 15:10:22,,,2.0.44
7e871907-cf76-4e60-a237-84e152019ac6,Carlos Monteiro,https://play-lh.googleusercontent.com/a/ACg8ocJjrcvGSc691uZU1UAJCgVKKSifCi9KJCznY2qgzoAd=mo,Is sad that we are immigrants and we trying to keep With RTP and we can't here in The United States,1,2,2.0.31,2021-09-24 18:20:46,,,2.0.31
0fa97499-d14f-45ec-9578-b7fb43bb533b,Carlos Alberto Costa,https://play-lh.googleusercontent.com/a/ACg8ocJNRAhTwSPN9UBU_R6f2i3IhmtFsgWaDYWNmA4Sk49m=mo,After Updating Stop Working in UK,1,2,2.0.35,2022-03-10 07:11:49,,,2.0.35
b07bbd5c-3268-4ee8-8d59-08b95049c7f5,Annzita Miranda,https://play-lh.googleusercontent.com/a-/ALV-UjV2iVIWHeikvxnIlJ0JjlimIebjJPhirKVLNmqqOD6d0dnZ,No rights of transmission?? Really??,1,1,2.0.26,2021-03-24 13:39:21,,,2.0.26
c3ee58e9-ef86-46f1-94bf-4b7b0885eeed,Darryl Nunes,https://play-lh.googleusercontent.com/a-/ALV-UjVfrCsqhwobS8lBCoFmTF15oiR4jjFA19xSgkJzDhQhL2Q,No longer opens,1,1,2.0.26,2021-03-29 10:38:25,,,2.0.26
91d33054-6468-4716-99ff-090cd6a208c8,A Google user,https://play-lh.googleusercontent.com/EGemoI2NTXmTsBVtJqk8jxF9rh8ApRWfsIMQSt2uE4OcpQqbFu7f7NbTK05lx80nuSijCz7sc3a277R67g,No closed captions,3,0,,2019-12-16 00:01:16,"Caro utilizador, obrigado pelo seu coment√°rio. A disponibiliza√ß√£o de legendas √© algo que muito em breve ser√° oferecido na aplica√ß√£o. Caso tenha alguma outra quest√£o, pedimos-lhe que envie o seu coment√°rio para o email play@rtp.pt.",2019-12-17 10:18:25,
a6139f3b-af40-4dc0-8324-d9f497d0ed68,A Google user,https://play-lh.googleusercontent.com/EGemoI2NTXmTsBVtJqk8jxF9rh8ApRWfsIMQSt2uE4OcpQqbFu7f7NbTK05lx80nuSijCz7sc3a277R67g,Cast support means 5 stars,5,1,2.0.4,2019-11-02 21:46:19,"Caro Andr√© Louren√ßo, obrigado pelo seu coment√°rio. Al√©m do Chromecast a aplica√ß√£o oferece ainda um conjunto de funcionalidades como: continuar a ver, transferir podcasts ou marcar conte√∫dos como favoritos. 
Para alguma outra quest√£o pedimos que envie o seu coment√°rio para o email play@rtp.pt.",2019-11-18 17:38:43,2.0.4
a136cfd5-742f-4541-92ec-985cd1ac1638,Luis Henriques,https://play-lh.googleusercontent.com/a/ACg8ocI9Vl2epOFYlFIOLALDeegV4sfwqxur_OT-qNZq4xYl=mo,App lixo. Desinstalado.,1,0,,2022-03-12 21:23:40,,,
1251d082-8e2f-4fd7-94f0-12d9871f1914,Filipe Furtado,https://play-lh.googleusercontent.com/a/ACg8ocImA5gbBinwIt1qklzksV5I2qlPJQB0SuaWZb0YTxgP=mo,Worse than the worst I might expect.,1,1,2.0.19,2020-10-23 23:02:20,,,2.0.19
c59b410f-138d-4518-9a01-1cca545d0fd1,Akbar las,https://play-lh.googleusercontent.com/a/ACg8ocKgrfRLuZU2SI5ROHXyiRg28rbZ5qbcOukrjuGF_WQc=mo,Dont use this spytools,1,0,2.0.19,2020-11-06 17:43:07,,,2.0.19
6dfaeed2-aa7b-489e-ae4d-2a2c0f98be4e,SA3ID INFO,https://play-lh.googleusercontent.com/a-/ALV-UjWKil3UpUdFwHh_TLXzBmYaOOb06rz36myY6dQ9M9WaIc0,very good app,5,0,2.0.35,2022-04-05 03:02:08,,,2.0.35
2ce60bbc-15d4-4c86-97ba-c61736e3ef9c,A Google user,https://play-lh.googleusercontent.com/EGemoI2NTXmTsBVtJqk8jxF9rh8ApRWfsIMQSt2uE4OcpQqbFu7f7NbTK05lx80nuSijCz7sc3a277R67g,very good app,5,1,1.0.9,2019-06-29 20:03:23,,,1.0.9
c900a6cd-bc6b-4e50-8762-a40ef96d0697,Kobusak Corner,https://play-lh.googleusercontent.com/a-/ALV-UjXXfBBhJV1jYNbLm0mdU4ehg0F0jOsUttqJmraxByrHzA,I love watch WISSPER,5,0,2.0.40,2023-01-13 06:43:36,,,2.0.40
d6ef56d8-c0af-44be-aa6f-de26dc199388,Natalino Duarte,https://play-lh.googleusercontent.com/a/ACg8ocIDwDnWGXD0Vpd1zSgk6yyxYucdety-bbCl3IfPCCRj=mo,My first time no opinion,1,0,2.0.32,2022-02-19 23:16:26,,,2.0.32
fc964163-7ae5-427e-8b0e-160be9ba2178,Eduardo Ferreira,https://play-lh.googleusercontent.com/a-/ALV-UjUnuNldj0kikGBvl5plDHC4VQkTt9r57kyUpNxn51bplg4,An√∫ncios a mais... Infelizmente n√£o consigo usar. Tenho um ad blocker e os videos n√£o correm. Pago a RTP com os meus impostos e n√£o posso ver os seus v√≠deos. Venha um referendo para eu votar em privatizar. N√£o serve os verdadeiros acionistas.,1,0,2.0.44,2023-09-08 23:11:22,,,2.0.44
8ed5329c-1724-4941-9487-3ad15cc4487e,White Horse,https://play-lh.googleusercontent.com/a-/ALV-UjVUCPTmUudgoCDk5H4oLD0EuyDt42BNRII8T9dVV2B_fSA,"A 1a coisa q acontece ao abrir a app √© receber publicidade de ecr√£ inteiro da marca temu, e n√£o consegues sair desse ecr√£ sem for√ßar a app a fechar. Assim sendo n faz sentido manter a app no telem√≥vel. A desinstalar. Qd abusam na pub, perdem viewers.",1,0,2.0.44,2023-10-31 11:41:32,,,2.0.44
a32a3361-8e3b-4d2c-b959-f002f368cba2,Ricky X,https://play-lh.googleusercontent.com/a-/ALV-UjVV7eYbjyIFW-KSWfA28YcSMFxrNbBv7OCNPGet_DAoj1o,"Uma tristeza! Sempre falha. Publicidade ao abrir a APP, mais publicidade para selecionar um canal de TV",2,0,2.0.44,2023-09-10 19:40:02,,,2.0.44
79b3bb37-1f93-45d7-9086-cbf3c3a96f15,David Rebelo,https://play-lh.googleusercontent.com/a-/ALV-UjX9eEH85ZmcIn1K1mCvJ5S4GJ-8npTHw7Rfa2MNQI-2lzM3,"No meu OnePlus 8 Pro com android 13 nada funciona. Nem TV ao vivo, nem programas gravados, nem r√°dio, nada funciona.",1,1,2.0.44,2023-06-28 16:42:13,,,2.0.44
708e4f75-2b0f-4a55-b4e0-09c9a4b03b96,Paula Silva,https://play-lh.googleusercontent.com/a-/ALV-UjWv0_Si5Ty8SanF--asgRBb2m0yMELc0tOEobEjsK6KQMRQ,Eu tinha dado 4 estrelas antriormente mas hoje retiro duas das quatro estrelas que tinha atribuido porque a aplica√ß√£o piorou e muito! Por favor corrijam os erros desta aplica√ß√£o,2,0,2.0.44,2023-10-20 20:46:35,,,2.0.44
49270fb3-bb37-4dd2-95c4-e209d6465126,Nuno Mateus,https://play-lh.googleusercontent.com/a-/ALV-UjV7Vkn80BOXdn8FhYEYSwriCIzldXIcgRuetKDtd7gYehWF,Exagero de publicidade mesmo para um canal p√∫blico. Cada vez que abro um v√≠deo sou bombardeado sempre com publicidade. Desinstalei.,1,1,2.0.44,2023-07-06 23:57:13,,,2.0.44
8778a028-ba1a-4c9a-a387-8ee9fb5e705d,S√©rgio De Castro (Enki),https://play-lh.googleusercontent.com/a-/ALV-UjX_JslwrXpstFCDK75wCJuUwQF9ZrLVJDP3MGKYxPKZp0U,Eu prefiro usa o Google search porque pra ver sem ads √© o preferiv√©l e podes usar Google Chrome Cast.,4,0,2.0.44,2023-07-21 10:04:59,,,2.0.44
cfa8115b-fe38-4d61-b993-b4a460e621a1,Sergio Vasconcelos,https://play-lh.googleusercontent.com/a-/ALV-UjXmHdQ54xgCgWlIIVMKPg2rGGDFyM5w1DU01gHHFJEhK6Y0,"Ao abrir a app, aparece uma publicidace que n√£o fecha. Logo, uma app totalmente in√∫til.",1,0,2.0.44,2024-01-24 21:42:06,,,2.0.44
4eef7463-7d01-443d-8397-a04f7d4aa9b2,Ana Val-do-Rio,https://play-lh.googleusercontent.com/a-/ALV-UjWNImY3izVouxYGVhMQ7_MHkTjEtW8X9GzWXKLMuVpyq-w,Crasha muito...,3,1,2.0.44,2023-11-18 21:41:25,,,2.0.44
7e728108-89e3-4e73-81dd-b4cafbb8bcc1,Albino Caldeira,https://play-lh.googleusercontent.com/a/ACg8ocLX8rTFsspnuPzNx_ZiGJQWyDNcnf7kzeIbxN-nyBj_=mo,Foje muito obrigado,2,0,2.0.44,2023-08-19 19:57:20,,,2.0.44
a75be172-8c4f-4527-97e6-8b7dabf2260b,Jose Nunes,https://play-lh.googleusercontent.com/a-/ALV-UjViM7FPi6gzMBo_5U4rPE3ZDDu35VsbUx4otieMXkVkFg,Like it.,4,0,2.0.44,2023-09-26 19:35:40,,,2.0.44
1c96eb07-db31-4207-a349-1e44eee7a88f,CS PP,https://play-lh.googleusercontent.com/a-/ALV-UjV--Jf6vc9p48FAfSy-2N0hpaPSRuwGKwLlAE31azTE7nE,Working well.,5,0,2.0.44,2023-06-29 11:23:36,,,2.0.44
6c7d0beb-8cd6-479d-8dc4-71f1a4d4798e,Eng. Andrade,https://play-lh.googleusercontent.com/a/ACg8ocKVJoq1x-j1q_fQfQ8Z_nEKPqb4PRtXDcTEmXpb7bo_=mo,Cont√©m an√∫ncios. Uma vergonha. Um servi√ßo p√∫blico pago com imposto audiovisual n√£o devia ter an√∫ncios.,1,2,2.0.43,2023-06-08 01:03:07,,,2.0.43
9d2a07bd-a694-4d7b-893c-e026600aa5cc,Casa Alapraia,https://play-lh.googleusercontent.com/a/ACg8ocKMWyiWVHyQF06tjVitM-HCW7oo-GJUER7A_doeJJYl=mo,nao funciona em box android tv. lixo,1,0,1.0.37,2023-12-11 18:49:02,,,1.0.37
db086c55-1f0b-4b3c-afe0-7b951a421c15,Judy Brazil,https://play-lh.googleusercontent.com/a-/ALV-UjWRHXdpp-4opvlfPvKBi-eIvXK6BScDpD9eKSZEK5ve4CM,Tem certos programas quero apanhar e n√£o posso,4,0,1.0.37,2023-11-16 20:47:07,,,1.0.37
40dafb1e-c72e-4039-ba9d-8fed537a3f23,Mauro L.,https://play-lh.googleusercontent.com/a-/ALV-UjWMmTrT6DO4RcJPqe1HMZ3n97_QpUZzbIDCgsy_FYDgHpk,Para quando Android Auto tamb√©m?,4,0,2.0.43,2023-06-26 17:59:54,,,2.0.43
207e7022-26f9-47a4-907c-33d4ff84f64c,Pedro Costa,https://play-lh.googleusercontent.com/a/ACg8ocIaaTakWI06zA0V5c5uWMZWiYU25mIdxLgFQ51JZ643=mo,muita publicidade,2,0,1.0.37,2023-12-17 00:32:45,,,1.0.37
55cca187-cc8f-4871-b288-8111d6ebfb0b,Tiago Diogo,https://play-lh.googleusercontent.com/a/ACg8ocLi4vavA-8NklZw2_weA1l_anTS04srsOydyfvG0YSc2Q=mo,"Sempre a crashar. N√£o d√° para criar utilizadores diferentes, nem memoriza o nosso hist√≥rico de utiliza√ß√£o de forma correta. Pior app de streaming que j√° vi.",1,0,2.0.41,2023-05-12 10:27:58,,,2.0.41
32b13262-bdcb-4032-ad98-9d876f70c6d6,Helder Rocha,https://play-lh.googleusercontent.com/a-/ALV-UjXADGe35U2qPuwAOBnx0MLhbhGgS4-X15ALT9Cu61qn,"Instalei hoje a app e simplesmente s√≥ consigo navegar nos conte√∫dos, n√£o h√° nenhum v√≠deo que funcione. App totalmente in√∫til neste momento.",1,1,2.0.41,2023-03-05 23:13:57,,,2.0.41
880f0c1c-cbb8-4b2a-a421-41af13de969c,Filipe Oliveira,https://play-lh.googleusercontent.com/a-/ALV-UjWyIX5EDn2NIEXHgCFJwPwLtW2d8kVQCzQmzxXqGK9gkiA,"This app is nothing but a bad taste joke. Don't install it unless you want to waste your time. / Esta aplica√ß√£o tornou-se uma piada de mau gosto. N√£o instalem, a n√£o ser que queiram perder tempo e aumentarem os vossos n√≠veis de stress. √â que isto pura e simplesmente N√ÉO FUNCIONA!!!",1,8,2.0.40,2022-09-04 04:48:36,,,2.0.40
49311082-4caa-4acb-95a6-7443d4c83f64,Diogo Almeida,https://play-lh.googleusercontent.com/a-/ALV-UjWtlrLxuzO7K5V2LiCLxeWMH3Jts8uOGEYZvF0I0Fip0gP2,"Algumas inconsist√™ncias na forma como os epis√≥dios s√£o apresentados quando uma s√©rie √© selecionada pela primeira vez. Aquelas ainda em estreia abrem no epis√≥dio mais recente enquanto que aquelas que se encontram completas abrem no primeiro epis√≥dio. Al√©m disso series com m√∫ltiplas temporadas abrem na temporada mais recente em vez da primeira. Apenas est√° presente a ""op√ß√£o"" Auto nas defini√ß√µes do player impedido a sele√ß√£o de qualidade mais elevada a troco de esperar pelo buffer numa liga√ß√£o lenta",4,0,2.0.40,2022-10-28 11:50:49,,,2.0.40
004b29f5-3dd4-465c-86e2-c1708c641193,Sonia Teixeira,https://play-lh.googleusercontent.com/a/ACg8ocIY2GF6QkCb27wegkoua5aamebBuldaO4uMGs3NJLx3=mo,"Pat√©tica app, tal como online. S√≥ poucos programas est√£o dispon√≠veis para ver. Qualquer programa que pesquisei para ver e do qual aparecem todos os epis√≥dios, no fim n√£o t√™m direitos de transmiss√£o online. N√£o esperava outra coisa tamb√©m...",1,0,2.0.40,2022-08-25 09:52:25,,,2.0.40
eea602fc-3418-4781-8646-4c71bd320b0f,chrystsyst syscraftt,https://play-lh.googleusercontent.com/a/ACg8ocKRtPz1cOmKAZE97GoWFHKCx6X2ewX4eoVFUyVG5h9V=mo,Excesso de publicidade. Muitos canais mas poucos em directo. Bastante aqu√©m do expect√°vel para uma TV publica.,1,1,2.0.40,2023-01-16 14:17:57,,,2.0.40
71f72357-cd5c-46d4-b6b1-5093d2e14875,Rafael Sereno,https://play-lh.googleusercontent.com/a-/ALV-UjXDY2VgPGZgmjCOnt_veufErl8YCike6ctDhinZJxWDoCs-,Publicidade quando se tenta ver TV. 30 seg perdidos que nem s√£o direcionados ao pa√≠s em que est√° a ser assistido.,1,0,1.0.36,2022-10-21 08:50:22,,,1.0.36
6a7ffee4-2e3e-4998-a3ec-2cbd59475fb1,Tokyo GT,https://play-lh.googleusercontent.com/a-/ALV-UjXaqoWsqLP_xz0Im6DZdtAi3uIhwnXMkN6_YvUdQiTZ2g,"Rid√≠culo app nao funcionar fora de Portugal, sem direitos de transmissao online. Nesse caso a app √© boa para nada",1,1,1.0.36,2023-03-23 08:54:22,,,1.0.36
b8507b35-a7f8-4385-94ba-7fa8850b896a,Maria Daniel Loureiro,https://play-lh.googleusercontent.com/a-/ALV-UjWKFeTc8Um64Lf5UvwTomSe46M20Z_kmP6lQIeDbKbQU70,"O epis√≥dio n√£o continua depois dos an√∫ncios, a imagem fica presa no √∫ltimo frame do an√∫ncio.",3,0,2.0.40,2022-08-27 14:51:51,,,2.0.40
8dbdbabe-a807-4ca2-a330-e52f8229d30a,Gustavo Bakit,https://play-lh.googleusercontent.com/a-/ALV-UjUAzVGgEP-yAIZkCez6R_pnCJoDdxeGz1yc4qXlt_uJ5Kzo,"Incr√≠vel, boa cadeia de televis√£o com uma grande app, muito melhor da que oferece por exemplo a BBC. Parab√©ns a todos os que trabalham nesta app.",5,0,2.0.40,2022-12-04 18:32:58,,,2.0.40
07d30d37-4b02-41eb-bb82-db9da67e363d,Paulo Moreno,https://play-lh.googleusercontent.com/a/ACg8ocL6lCRbdC1uJ91Uu414AZPBKCQTcq_mno1kcPwVCcO-=mo,Porqu√™ que existem programas que n√£o s√£o transmitidos para o UK? Tais como futebol em directo.,4,0,2.0.40,2022-11-07 19:05:17,,,2.0.40
a376c1b3-c08d-4b36-9157-87d79767ed52,Hermenejildo Ines Vieira,https://play-lh.googleusercontent.com/a/ACg8ocJEJ11_CEdFJ4BmFMWi8Csihcs6nSxqtMQdYezqBPRX=mo,Goood,5,0,2.0.40,2022-09-21 19:08:08,,,2.0.40
4a8a8b16-94eb-4b48-b593-656f302db2cd,C√©sar Ara√∫jo,https://play-lh.googleusercontent.com/a-/ALV-UjU2Ah8dyczSiRMq2duGrpeKdsB5HhS4SQkC6KYRFslGdoU,N√£o reproduz v√≠deos pois na zona do video fica preto. Tenho que abrir o browser e ver no site. Obrigado pela n√£o ajuda. Descobri que se tiver um pihole na rede a bloquear publicidade voc√™s ficam pendurados num ecr√£ preto. Triste,1,0,2.0.36,2022-08-13 09:13:45,,,2.0.36
333bcec9-9a34-4004-95be-2b76275ab7ff,Sandy ‚ÄúSandy‚Äù O,https://play-lh.googleusercontent.com/a/ACg8ocIWyOR7twKp4N3OSA_HhPh1EckmfbHXvVyqgm7QHrs0=mo,"A app deixou de funcionar, please fix it, v√°rias series n√£o funcionam, outras est√£o em falta, a emiss√£o em directo tamb√©m n√£o funciona. E para c√∫mulo o apoio ao cliente, para reportar um problema tamb√©m n√£o funciona.",1,2,2.0.36,2022-04-22 18:16:34,,,2.0.36
cf78a71a-ff42-4ec5-9723-59dd56f6eacd,Jos√© Eduardo Pires,https://play-lh.googleusercontent.com/a-/ALV-UjXh8scMWhI_aPJeDLlVWMGT-qAvcX7Pr_KPOlRYx8axeUzK,"A app √© um excelente servi√ßo. Um exemplo de como √© poss√≠vel fazer algo com qualidade. Um ponto que pode ser melhorado ser√° a pesquisa com teclado para TVs, mas n√£o tem grande impacto. Parab√©ns",5,0,2.0.36,2022-06-13 00:06:27,,,2.0.36
17187133-1f3b-4456-a389-3eac2490cd86,Maria True,https://play-lh.googleusercontent.com/a-/ALV-UjVMordxr7Hfb7qR99uCH537yOMyaCCmEelwp4Esw1Lcgw,Descobri esta aplica√ß√£o h√° dias. Mostra filmes e documentarios muito bons.,5,0,2.0.36,2022-06-27 10:21:49,,,2.0.36
88f1a2b0-b181-4c81-8fa6-5a0e22ac66cb,Ricardo Sequeira,https://play-lh.googleusercontent.com/a-/ALV-UjWUzPc9BmttApxvqXTlnPk7zO1FS1pWvj4ta5gr83rsjP9T,Publicidade a mais. Um abuso,2,0,2.0.36,2022-12-19 23:10:45,,,2.0.36
8301137f-d5bb-48c0-b4d6-becf5a0e05d5,Ana Maria Garcia,https://play-lh.googleusercontent.com/a-/ALV-UjUhDTirLbdxUCIPNJvAMv3afh6VuHkdqpTKk9n51JAxKZY,√ìtima,5,0,2.0.36,2022-06-30 13:18:13,,,2.0.36
dd99238e-9259-4e7c-bcad-61af01ffcc3f,Pedro Sousa,https://play-lh.googleusercontent.com/a-/ALV-UjUOtVoyAL3Ib-2r0Ltydi8XEOwWEnV9hxW4qeeVoqaWRWXc,"Tem pontos positivos, como o suporte para Android TV e Chromecast. Mas come√ßa a ter muitos an√∫ncios, e continuo a receber notifica√ß√µes de jogos de futebol (que n√£o me interessam minimamente) apesar de ter desligado as notifica√ß√µes. Actualiza√ß√£o: ap√≥s v√°rios meses, ainda recebo v√°rias notifica√ß√µes, apesar de ter desligado a op√ß√£o - menos uma estrela!",1,0,2.0.35,2022-03-30 12:50:07,,,2.0.35
577002d8-16aa-438d-a5cd-d12db0d2b39e,Carlos Miranda,https://play-lh.googleusercontent.com/a/ACg8ocLmDi0ovBo6TdlenusaC6msFuf2P6PXEWofPTpJY0uX=mo,Great news,5,0,2.0.35,2022-03-18 09:48:27,,,2.0.35
93185ef2-1b59-4b8f-8c23-829f484e6c92,Marcos Jesus,https://play-lh.googleusercontent.com/a-/ALV-UjXqhH093y_PDxtphdRq8av5NKm2UbRQsP1SLfLMNTfOqsxF,"Est√° a melhorar em visual e funcionalidade, mas falta algo muito importante, que √© a possibilidade de criar uma conta, para poder sincronizar favoritos, e continuar o que estamos a ver em dispositivos diferentes.",4,0,2.0.34,2022-03-08 03:18:58,,,2.0.34
0a1a8844-df34-41fb-8270-1b0ef0d1559f,F√°tima Rocha,https://play-lh.googleusercontent.com/a-/ALV-UjXyqt78d3a5Zqej98CKm5ECJrUug8vAN_UCTXE4gixMWt0,"√â pena que a configura√ß√£o para a velocidade do stream n√£o funcione (pelo menos na Madeira), mantendo-se sempre no ""Auto"". Isto significa que nas ""horas de ponta"" da utiliza√ß√£o de dados da operadora NOS, a resolu√ß√£o de imagem √© um lixo. Com essa situa√ß√£o resolvida e se fosse poss√≠vel ver do in√≠cio os programas que est√£o a dar em directo, a aplica√ß√£o mereceria √† vontade as 5 estrelas. Como est√° merece 3.",3,0,1.0.30,2022-01-21 10:47:38,,,1.0.30
5086e83c-8f19-48ee-9e38-f8a40c9f75c9,OneManAndHisToaster,https://play-lh.googleusercontent.com/a-/ALV-UjXXE87A-fJuank8YWgGd5QzvTZcznZJIkSmgX5bX72JP80,Mas a publicidade continua nesta app!??? Porque pagamos nos a taxa audiovisual √† RTP na factura da EDP? Ainda nem entrei na app siga publicidade: abro o directo radio: siga publicidade de 30 segundos. Canal do estado? Canal Publico? Cambada de xulos.,1,1,2.0.32,2021-11-27 21:55:42,,,2.0.32
2e7270ba-2c3d-445e-b018-8cd94ae4c666,J J,https://play-lh.googleusercontent.com/a-/ALV-UjXNnzLLnzXqu-GzMJNWBEaxlmRx9V6cHbor4NToxFLnlP4,Sempre que abro um programa sai um an√∫ncio de apostas online. Tenham vergonha e discernimento e escolham melhor os vosso patronos.,1,1,2.0.32,2022-01-31 09:22:29,,,2.0.32
ed3ce8ab-fe94-4573-bcd5-3196fa485e5a,Jo√£o Costa,https://play-lh.googleusercontent.com/a/ACg8ocJ6RCPSbE9MvNkDCfaUR_aLm3ODV0UeHVMRTZAUlJXNATw=mo,"Perco sempre as configura√ß√µes que tinha, sempre que lan√ßam atualiza√ß√µes novas. Queiram retificar este assunto.",2,0,2.0.32,2021-10-12 20:52:42,,,2.0.32
38a59f00-0d74-4b5b-b2d7-075fc67ec546,filomena antonia arrais da silva,https://play-lh.googleusercontent.com/a-/ALV-UjWkfr0YEtHa2f267P4Y9ivbUZVAydfWFwJvAUILM5XVU40c,Good,5,0,2.0.32,2022-08-18 21:25:44,,,2.0.32
3f3e4be1-2f38-4d7e-beea-a2c57ce2e478,Na GonC,https://play-lh.googleusercontent.com/a/ACg8ocL_zcsxU2xhQxzh58MfV3EwoOabyjYoRruD-Trlo2oJ=mo,Terrible,1,0,2.0.32,2022-01-31 17:14:40,,,2.0.32
2c965644-fe6f-491a-9f3f-eed40d6da415,Paulo e Magda Pereira da Silva,https://play-lh.googleusercontent.com/a/ACg8ocKPptZ0PXy7MF_5LAgHV37_xywSQtEPUNe14kPHGMzJ=mo,gostei da RTP,5,0,2.0.32,2021-12-08 09:50:41,,,2.0.32
f526d9d0-e3dd-4ba4-87cd-8d77f3f9d49b,Lu√≠s Henriques,https://play-lh.googleusercontent.com/a/ACg8ocKiPMHHKqyH7POSCoOSdrSgzXH9k65fqRZH_OkF13-p=mo,"Cada update que fazem, reactiva as notifica√ß√µes. D√° ideia que pensam que os utilizadores s√£o est√∫pidos. Se no pr√≥ximo update voltarem a activar as notifica√ß√µes, desinstalo a app.",2,0,2.0.31,2021-08-19 13:21:05,,,2.0.31
42245dcc-1490-4332-9fdd-ace4794516a2,Alipio monteiro,https://play-lh.googleusercontent.com/a/ACg8ocL7-KZJpHGEmThwI6ujfi64ioN07rcqP_HMWaJvokT6=mo,Recentemente RTP3 tenho tido dificuldades de ter tv pois est√° continuamente com ru√≠dos. O que fazer? Obrigado. Monteiro PS estou na Tail√¢ndia. N√£o,5,0,2.0.31,2021-09-19 11:17:33,,,2.0.31
b349e31b-f44a-4256-abc5-22859a20e728,Alexandre Henriques,https://play-lh.googleusercontent.com/a/ACg8ocKmRIvoQY8y4ikGBViWCDzmZrB4dbr9sq7-qHjn4hUjM8I=mo,"A aplica√ß√£o tem publicidade, o que acho de mau gosto, tendo em conta que parte dos meus impostos v√£o para a RTP, e j√° me √© mais que suficiente ser exposto a publicidade na vossa programa√ß√£o. Mas a classifica√ß√£o deve-se ao facto da fun√ß√£o de Cast esteja presente, n√£o √© seleccion√°vel. Instalei tamb√©m num telefone que corre iOS e tive o mesmo problema com o air play",1,0,2.0.31,2021-09-17 20:28:23,,,2.0.31
7bc540b7-5640-4302-b878-d466bc00ebcd,Diogo Cocharro,https://play-lh.googleusercontent.com/a-/ALV-UjW1w_VurSx9Z41BYx2mnRrTTiDiyj9XwDgjbmeMHAhaBUk,"De h√° uns tempos a esta parte a APP toca dois stream de √°udio ligeiramente desfasados. N√£o acontece sempre mas tamb√©m n√£o consigo explicar a poss√≠vel causa, parece aleat√≥rio.",1,0,2.0.31,2021-09-27 16:23:35,,,2.0.31
9df654cc-e930-49c9-8604-665dc013149d,Gon√ßalo Ferreira,https://play-lh.googleusercontent.com/a/ACg8ocI0efVqo7711yd3bbBZyVLyfR1YpLJWA2SOUg3v2GVOew=mo,Good Good,5,0,2.0.31,2021-09-27 05:14:44,,,2.0.31
b33c510b-30c7-48dd-ab93-f3265a65eca3,Jose batista,https://play-lh.googleusercontent.com/a-/ALV-UjVq8_TkbstdtCMnFcPxCKiEgSH4TyenMzqiJeVYW-36E0o,"Belissima aplica√ß√£o,",5,0,2.0.31,2021-08-30 13:02:57,,,2.0.31
0fa5c815-1697-4280-9ded-4f25b14418ff,Tiago Santos,https://play-lh.googleusercontent.com/a-/ALV-UjUAnS6dXPa5MD74ex-HujjULfwSgup2QlF52PfxikPyfyg,"A aplicacao funciona de modo inconsistente, muitas das vezes os anuncios bloqueam o acesso aos canais. Isto e inadmissivel num canal publico de televisao!",1,1,2.0.29,2021-07-26 20:35:56,,,2.0.29
c6d465dd-6220-4d33-abc5-1f5fb02fbda1,Francis Rod,https://play-lh.googleusercontent.com/a-/ALV-UjURz1YhcCBkjhXLHamp_iFf6yIY2QQZR-dgVGiq6gdz6r7S,"De qu√© serve ter uma aplica√ß√£o na qual supostamente a gente pode ver todos os canais da RTP, s√≥ para ver os telejornais y alg√∫n que otro programa de variedades e no podemos ver desporto ao vivo, filmes o series s√≥ por viver fora do pa√≠s?",1,0,2.0.29,2021-07-07 20:00:06,,,2.0.29
61e37e56-0139-4c8d-8a7f-c1f213d6144d,Hugo Pereira,https://play-lh.googleusercontent.com/a/ACg8ocKnEbv-pndV0AO9ueYixksE9jBRiAb-ErfLb8lE5PTe=mo,"Imagem constatemente a parar, impossivel de ver. So perder tempo.",1,0,2.0.29,2021-07-03 20:12:55,,,2.0.29
3dbbf46a-c130-4d9c-8ca9-fd920edf488b,Patricia Adelino,https://play-lh.googleusercontent.com/a-/ALV-UjWK3m1dG5NOGpwmdZSzejWZvEWNH1uSnOpax4rwW2PxG0g,Os conteudos mais antigos (2016) em qualidade mediocre,1,0,2.0.29,2021-07-18 09:24:48,,,2.0.29
8a29956a-7e3c-4c43-b62e-74a262fc94af,Jo√£o Veiga,https://play-lh.googleusercontent.com/a-/ALV-UjWC8J5cisGRJZffdU23K7Gen2b5twiOjvPr5KIzOD9azWg,Muitos programas n√£o avan√ßam para a parte seguinte,3,0,2.0.29,2021-07-26 12:01:39,,,2.0.29
5a825102-cc77-41f3-9382-6c0690c931b9,Manuel Roque,https://play-lh.googleusercontent.com/a/ACg8ocIChXjM-lu66gL_mgNQ0rJonlY3ZEzXMv0WCkWTcNCk=mo,good service,5,0,2.0.29,2022-03-18 23:38:29,,,2.0.29
79a1ff4a-314b-4a69-907f-f2981420ef03,Helder Silva,https://play-lh.googleusercontent.com/a-/ALV-UjVHaUYxyzxYWI4lfMcitBIAk-WNSqDpJQLXsKPEH0gCmw,Demasiada publicidade,1,0,2.0.29,2021-07-04 15:09:29,,,2.0.29
cf7ff30b-907c-4e29-b270-aea19351bf5e,M√°rio Borges,https://play-lh.googleusercontent.com/a-/ALV-UjU6pP2L2cYhEWNFvtEzUE9cGKiUaR6tc31Mvdbszagqb0lN,Excelente,5,0,2.0.29,2022-05-15 17:53:34,,,2.0.29
1c883e1f-73af-4f24-a64c-a61a59b9e265,Guess Who,https://play-lh.googleusercontent.com/a/ACg8ocKP_7O9L5AxFb4VU3uUX9NFAShNzwbA6Q3em_w6qfq1=mo,Convencem as pessoas a baixar a aplica√ß√£o com promessas de directos online que depois dizem n√£o ter direitos de transmiss√£o ??? numa s√≥ palavra: EXECR√ÅVEL !!!,1,1,2.0.28,2021-06-03 20:26:53,,,2.0.28
d277de28-3b08-41db-b119-809f2b7cea00,Tatiana Pinto,https://play-lh.googleusercontent.com/a-/ALV-UjVQ_kHFV5-_pm_Ny7kXZnpfHTZ9a8teBvLNFLFEr48xZA0,"um verdadeiro servi√ßo p√∫blico porque a cultura deve ser para todos! uso a barra de favoritos para marcar o que quero ver mais tarde, era bom se houvesse essa funcionalidade",5,0,2.0.28,2021-09-08 00:38:22,,,2.0.28
78c0e6e4-2c56-4be1-8906-31fb4beeb309,dinesh dulabdas,https://play-lh.googleusercontent.com/a/ACg8ocImCAhzIwrzCFHltlj4FW7WkI4LWh0Rx6mlZzeHUtg5=mo,Good,5,0,2.0.27,2021-04-16 06:12:14,,,2.0.27
37d73924-3422-4b6d-ba46-be791b684e2c,Lu√≠s Carvalho,https://play-lh.googleusercontent.com/a-/ALV-UjUIMntD1B5icjCkc4K2hlIq3eLlMNWePGsKMD9EslhhVg,"Podia ser bem melhor apesar de no essencial funcionar. D√° acesso √† programa√ß√£o da RTP e canais associados o que √© muito bom. Acima de tudo, √† √≥ptima programa√ß√£o infantil.. Nesse t√≥pico, t√™m *mesmo* de remover ou adaptar a publicidade entre os epis√≥dios dos programas para as crian√ßas! A meio de dois epis√≥dios aparece publicidade muito violenta de outros programas para adultos! N√£o pode ser!!",3,2,2.0.24,2021-02-19 09:33:34,,,2.0.24
bc155159-24aa-4118-ac2b-f4c7400443be,Pedro Silva,https://play-lh.googleusercontent.com/a-/ALV-UjVocVMO3A5okM8gMW7CKZqSg4Mr5cE_k0ECON5lxmP27SY,Discriminat√≥rio. Visualiza√ß√£o fora do pa√≠s n√£o funciona.,1,0,2.0.22,2021-10-09 20:50:28,,,2.0.22
7277d819-7029-4178-8191-490081a99a1f,Jo√£o Br√°s,https://play-lh.googleusercontent.com/a-/ALV-UjXmyn60-i9DCUX5RQECChFlXSfRtHABmWOqvj5f6qXtWsr2,"Pq dizer que pode ver os programas e depois nao ter autorizacao para os abrir? Nao ha direito, no estrangeiro tb gostamos de ver tv portuguesa...l",1,1,2.0.19,2020-11-01 23:56:27,,,2.0.19
861fadcc-c860-4f63-8e2f-d963478cb8f1,MJ Paulo,https://play-lh.googleusercontent.com/a-/ALV-UjUGBj7Hdo1th7XyK5mj9uTNuykF7Bz3QbUw5YGmUMYoIeFe,"S√≥ mostra anuncios! Quando escolho o telejornal, primeiro mostra um anuncio e mais nada. Se volto a escolher o jornal, repete o anuncio. Nao d√° para ver mais nada infelizmente.",1,0,2.0.19,2020-12-24 12:12:31,,,2.0.19
faa37f76-6a9b-4c44-a103-eedbb155d999,tania goncalves,https://play-lh.googleusercontent.com/a/ACg8ocIFZ_4VZ3i-k24MBB3JtVi_UqZhUu7puEh8Ig_srzqK=mo,"J√° nem o telejornal deixa ver... Ao menos ainda dava para ver algumas coisas, agora nada tem direitos de transmiss√£o. Vou desinstalar",2,0,2.0.19,2020-10-17 13:09:03,,,2.0.19
b679e098-1282-4bf3-9f24-0a0380c0700d,Jos√© Fernades,https://play-lh.googleusercontent.com/a-/ALV-UjUo1zjHDwAnhORbRaPHlqMzzmhGUp0Nlv6rMfH0gzsbTPU,"Adoro a aplica√ß√£o, principalmente gra√ßas aos conte√∫dos nela presentes e acho que a aplica√ß√£o est√° bem feita em geral. Dito isto, podia ter uma op√ß√£o de continuar a assistir o √∫ltimo conte√∫do visto ou ouvido, e/ou uma op√ß√£o de ""hist√≥rico"". Al√©m disto quando estou a ouvir podcasts com o telem√≥vel bloqueado eles falham v√°rias vezes e tenho de fechar e voltar a abrir a aplica√ß√£o, de resto est√° uma boa aplica√ß√£o no meu ponto de vista. Parab√©ns",4,1,2.0.19,2020-12-27 12:13:10,,,2.0.19
64c713ee-d649-4a72-a4d2-c47c7f6be5de,Alex P.,https://play-lh.googleusercontent.com/a/ACg8ocL7sN8T8xIhZteV_xW4iW0AU2DuWt5o2KlUcyTGA-lT=mo,"No geral √© muito bom mas tenho reparado que quando usado com o chromecast, o v√≠deo p√°ra por 1 segundo quando se recebe notifica√ß√µes no telem√≥vel. √â incomodativo e faz com que a experi√™ncia no modo cast seja m√°.",3,0,2.0.19,2021-02-08 17:41:01,,,2.0.19
da535a1d-9ae6-4823-a8a1-19759f63fdbc,A Google user,https://play-lh.googleusercontent.com/EGemoI2NTXmTsBVtJqk8jxF9rh8ApRWfsIMQSt2uE4OcpQqbFu7f7NbTK05lx80nuSijCz7sc3a277R67g,"Uma pena n√£o ser poss√≠vel ver do in√≠cio o programa que est√° a ser transmitido em direto, tem de se esperar que acabe.",3,0,2.0.19,2020-12-25 09:46:23,,,2.0.19
1be10cb5-2c83-4dd9-8597-0dca76700cf8,Joao Galvao,https://play-lh.googleusercontent.com/a-/ALV-UjU4_1egFM0BWGvcvSOshU59oDbBBbBK6ijCWHdR9OKrjM0,"A app est√° muito melhor do que a anterior, mas n√£o parem por aqui e fa√ßam mais updates com inova√ß√µes, o vosso √∫ltimo update √© simplesmente horr√≠vel desde quando uma App que pertence ao estado portugu√™s precisa de Adds da play store e mais, desde quando √© que o jornal da tarde tem direitos de transmiss√£o?",1,6,2.0.19,2020-10-24 14:01:04,"Caro utilizador, obrigado pelo seu coment√°rio.
Introduzimos mais novidades nesta nova atualiza√ß√£o: j√° pode utilizar o Chromecast nas emiss√µes em direto. Esperamos que goste. 
Caso surja alguma quest√£o, pedimos-lhe que envie o seu coment√°rio para o email de suporte play@rtp.pt.",2019-10-17 17:32:57,2.0.19
39997818-ede8-4465-9a9a-92c68773bfe2,Andre,https://play-lh.googleusercontent.com/a-/ALV-UjWCUq1ueZsmDi4ByyHZrtT-LUMc6h--tXAdw1jHi8VNY7ng,"Design super basico, funcionalidade terrivel - app faz freeze constantemente obrigando a fechar e voltar a abrir",1,0,2.0.19,2020-10-30 15:26:20,,,2.0.19
83c0c0b4-cfc6-4301-90ef-3368d4fb0a7b,Andr√© Pereira,https://play-lh.googleusercontent.com/a/ACg8ocJXzueDf2W9lW-9jZUUsT61cfbtqHrKE_e_dHdNUbTY=mo,Muito melhor que a antiga APP. Continua a n√£o deixar o tlm desligar quando um qualquer v√≠deo chega ao fim.,4,0,2.0.19,2021-02-19 22:08:56,,,2.0.19
b619fbd5-29ef-4a54-9f64-681e2bb40b33,Bruno Reis,https://play-lh.googleusercontent.com/a/ACg8ocJp_YqQFxLZSwAK4AelJLmbntP9WvgGWNTwqRc19pkj=mo,passa a vida a bugar e parar. nem uma estrela,1,1,2.0.19,2020-12-17 13:06:37,,,2.0.19
975efa62-a5ca-4b6f-b222-7106ba953894,Redo tedo,https://play-lh.googleusercontent.com/a/ACg8ocJ6l3mNdd_svrX4HhJY8APxhH7O1IF9G_1KGJqQHEu5=mo,Idiotas de portugas q fazem apps que nao funcionan.Idiotas,1,0,2.0.19,2020-12-13 15:16:42,,,2.0.19
24ad149a-a415-43a1-a5d8-42737cf3b032,Quarkine I,https://play-lh.googleusercontent.com/a-/ALV-UjWCPzXgqxC8iP-4312Gu_J7NiD0LLcc5fTTgWto39wbXUg,"Brilliant, thanks!",5,0,2.0.19,2021-01-11 14:10:45,,,2.0.19
00794058-8aa7-4e5e-a8a0-32fbcde233ac,Armando Coelho,https://play-lh.googleusercontent.com/a/ACg8ocJoJsRaCxxSqoHYjIiziQ8qzV-mmIarjsHo0S9YQ9dB=mo,Excellent application,5,0,2.0.19,2021-01-29 21:55:23,,,2.0.19
cb78d226-faba-4da8-a0da-69c5d216002f,Jose Rodrigues,https://play-lh.googleusercontent.com/a/ACg8ocJVBK0b7Ig-UyP-E1DHVO4yKxPctMzhnrW8KasV3-7w=mo,Ok,4,0,2.0.19,2020-12-11 00:45:22,,,2.0.19
2e863cfb-8bd8-42c4-bf29-7f9d37508839,Stephen Ramos,https://play-lh.googleusercontent.com/a/ACg8ocLOJz_agayAGyWA7KYUJqIozfq1LjtNQxdCYzDLaRIU=mo,Poor,2,0,2.0.19,2020-12-23 21:14:21,,,2.0.19
14a13755-b9f9-4dc2-9c6a-237778527215,Filipe Santos,https://play-lh.googleusercontent.com/a-/ALV-UjUunO6cfPO9_-j0NZPtueFX32wcy0wCGiyt8dGlR_yfKMA,üëçüëç,5,0,2.0.19,2020-10-07 14:16:58,,,2.0.19
6b6bc435-4dd0-4a2e-b70a-f96f37bc488c,antonio dinis,https://play-lh.googleusercontent.com/a/ACg8ocLyuMhkKTDdARUdTsUCLzxNnRgA4enh-D2IZG7NB9_j=mo,Good,4,0,2.0.17,2020-08-01 16:09:03,,,2.0.17
13e36029-9ad6-46d5-9b67-e2c886a90e4c,Julio Vicente,https://play-lh.googleusercontent.com/a-/ALV-UjUO_74iTg7hK85gtOQ7onIXfqxFX5s4N6_vSfgVt3DHGIw,"Sem direitos de transmiss√£o, a RTP n√£o faz um esfor√ßo para que milhares de portugueses possam ter acesso aos conte√∫dos, por exemplo, vivo no reino unido, a minha esposa s√≥ fala ingl√™s, e tenho um filho, quero que ele aprenda portugu√™s e existe muito conte√∫do para crian√ßas que est√° bloqueado. Por favor RTP, fa√ßam um esfor√ßo para os milhares de portugueses fora de Portugal. Devido a este defeito, n√£o ter√° uma avalia√ß√£o muito famosa!",1,2,2.0.16,2020-06-06 20:07:55,,,2.0.16
419e17e1-2cd7-4fa1-bf84-2ae4cab5d3dc,Ken Obi,https://play-lh.googleusercontent.com/a-/ALV-UjUuJW9S76EsspyEX2tYtY52OXmR1aSW-8k69MKP2amVKn8,So falta support para o FireTV stick :). De resto est√° muito bom.,4,0,2.0.16,2020-06-28 19:35:40,,,2.0.16
a22be912-8e45-43ff-a1f9-7603a3c7e6e6,Antonio Adao,https://play-lh.googleusercontent.com/a/ACg8ocLVBg7JenVTr1_nLBZm0fzzfzj67EI0ywz6_ixH56vP=mo,Nunca funciona....,2,0,2.0.16,2020-12-11 04:05:01,,,2.0.16
e95c6bc1-94e2-458f-a879-3e22c568d0fe,Tiago Soares,https://play-lh.googleusercontent.com/a-/ALV-UjWfDHDQsTfYVQ2Li1rSelHk3FcaC0bk04gEAXhfMCs6zU0,"Se de cada vez que h√° um Update, voc√™s eliminam a lista de Favoritos, ent√£o isto vai acabar muito r√°pido. D√° para ganharem ju√≠zo de uma vez por todas e n√£o estragar as poucas coisas boas que fazem? Qual √© a dificuldade de criar contas de utilizadores? √â algo novo?? Vamos l√° acordar!!",1,1,2.0.15,2020-05-20 08:23:53,,,2.0.15
d2dc762a-745b-4144-a884-3f3f26d21393,Carlos Guedes Valente,https://play-lh.googleusercontent.com/a-/ALV-UjV1dPXnmRZBu4ROVuZNAEMszZd-WGyh6VmyagtFuqbZbhvg,"Est√° quase perfeita e tendo em conta que se trata de conte√∫dos de acesso livre, s√≥ falta mesmo a op√ß√£o de cast para TV nas redes dom√©sticas. √â mais do que necess√°rio, diria.",4,0,2.0.15,2020-05-18 23:56:30,,,2.0.15
31aff82f-707e-446e-9c7f-c6bc208244d7,martina orlea,https://play-lh.googleusercontent.com/a-/ALV-UjVqbLMHkZ1HKSJx2PENgZFOKDnTnUbPR4dQLCVz7QJBQoQ,"Eu uso essa aplicacao para aprender portugues. E muito fixe, mais eu nao posso utilizar legendas que sao muito importantes para aprender portugues. Quando vou poder legendas na applicacao? Obrigada",4,0,2.0.15,2020-05-24 18:19:34,,,2.0.15
5555560c-25ea-465d-8e41-5c235ace811c,Avsat Valente Santos,https://play-lh.googleusercontent.com/a-/ALV-UjVW0B92SpDfGYHm-s7YF9yqg2lb76Qg2aHMXl4eTssDL4k,Excelente. O desenho do software √© muito bonito e sofisticado,5,2,2.0.15,2020-06-04 10:50:44,"Caro Avsat Santos, obrigado pelo seu coment√°rio. 
Iremos partilharo que escreve pela equipa de desenvolvimento da aplica√ß√£o RTP Play. 
Caso surja alguma outra quest√£o, pedimos que envie o seu coment√°rio para o email play@rtp.pt",2020-01-29 16:35:46,2.0.15
a07f6073-1359-4f55-b6b2-562f727732ac,paulo costa,https://play-lh.googleusercontent.com/a/ACg8ocKpcjEQMsNN0k6IS_dLQcXS6Kyfd9w_Rx58lYxG1Mxa=mo,Love!y,5,0,2.0.15,2020-05-27 07:40:57,,,2.0.15
b000731c-222b-4817-9d52-faca912474a2,S√©rgio Pacheco,https://play-lh.googleusercontent.com/a-/ALV-UjV9K7jmDHbZcSlYHvesMugm2tCX6y5bMaDs-2JiB9pkMVnG,"Funciona e √© conveniente, no entanto ter an√∫ncios de antes dos videos, √© inconveniente, mas pior mesmo s√£o os an√∫ncios em full screen e sem hip√≥tese de desligar, √© lament√°vel e um p√©ssima experi√™ncia de utiliza√ß√£o.",2,2,2.0.13,2020-05-01 12:35:52,,,2.0.13
21f58726-535a-485e-b287-4b4366aaec86,helder gaiato,https://play-lh.googleusercontent.com/a-/ALV-UjUrsnhj2I6d7densIvITbX0qORs2Um5YQgKuwnJq4ENlKE,Nem isso merece. Nem d√° pa fazer streaming a TV.,1,0,2.0.13,2020-05-09 19:17:43,,,2.0.13
f5acefef-2b36-4228-a7e7-01d8ad0af34b,J Marcos Patricio,https://play-lh.googleusercontent.com/a-/ALV-UjVMG0HaB9JAJPN-Rs_wsMb9t0KepKuGwlkhZwrAMsFnIwWH,Chromecast funciona quando lhe apetece.,2,1,2.0.13,2020-05-09 09:05:42,,,2.0.13
7d8b1c8b-af62-4f52-864f-16e89a8be980,A Google user,https://play-lh.googleusercontent.com/EGemoI2NTXmTsBVtJqk8jxF9rh8ApRWfsIMQSt2uE4OcpQqbFu7f7NbTK05lx80nuSijCz7sc3a277R67g,"Na tv a app horr√≠vel de utilizar. A integra√ß√£o Google Cast funciona mal. No mobile, acontece de ficar a reproduzir em segundo plano, sendo preciso for√ßar a termina√ß√£o para resolver. A vers√£o anterior era melhor.",3,1,2.0.10,2020-04-03 22:05:10,,,2.0.10
9ad1ac74-bc95-4dd1-9f61-3f3f64e35c7c,Nuno F.,https://play-lh.googleusercontent.com/a/ACg8ocIs8r57XE3t5jlaapaD3sVZ7sB87RqJJnZDkAvtCHxS=mo,"A pesquisa na Android TV n√£o funciona. Quando se selciona o bot√£o de pesquisa no teclado virtual GBoard n√£o acontece nada. Usando o bot√£o ""Enter"" do telecomando da box tamb√©m n√£o faz nada",1,0,2.0.10,2020-05-01 03:53:39,,,2.0.10
d9282de3-98ec-40e7-b509-6f742e5dc838,A Google user,https://play-lh.googleusercontent.com/EGemoI2NTXmTsBVtJqk8jxF9rh8ApRWfsIMQSt2uE4OcpQqbFu7f7NbTK05lx80nuSijCz7sc3a277R67g,"Dois problemas que s√£o recorrentes na app: - Quando estou a ver uma s√©rie, o epis√≥dio seguinte come√ßa sempre no mesmo minuto em que terminei o epis√≥dio anterior em vez de come√ßar do in√≠cio. - Quando estou em portrait e meto o v√≠deo em full screen, ao rodar para landscape o v√≠deo sai de full screen",3,0,2.0.10,2020-04-22 21:37:35,,,2.0.10
45b9c42b-ee86-4d86-a070-29e461f49842,A Google user,https://play-lh.googleusercontent.com/EGemoI2NTXmTsBVtJqk8jxF9rh8ApRWfsIMQSt2uE4OcpQqbFu7f7NbTK05lx80nuSijCz7sc3a277R67g,Demasiados programas sem direitos de transmiss√£o ao contr√°rio de outras esta√ß√µes. A desinstalar.,1,0,2.0.10,2020-04-10 21:32:54,,,2.0.10
400723f1-494c-4062-a513-48d2717a86d0,A Google user,https://play-lh.googleusercontent.com/EGemoI2NTXmTsBVtJqk8jxF9rh8ApRWfsIMQSt2uE4OcpQqbFu7f7NbTK05lx80nuSijCz7sc3a277R67g,Grandes conte√∫dos! Recomendo.,5,0,2.0.10,2020-04-26 18:24:24,,,2.0.10
b4a1f63b-89aa-48d4-9426-559594658e7e,A Google user,https://play-lh.googleusercontent.com/EGemoI2NTXmTsBVtJqk8jxF9rh8ApRWfsIMQSt2uE4OcpQqbFu7f7NbTK05lx80nuSijCz7sc3a277R67g,"Excelente app. Apenas n√£o consigo fazer download de epis√≥dios para ver em offline, essa funcionalidade ainda n√£o √© suportada? J√° existe √°rea acess√≠vel a partir da bandeja lateral.",5,0,2.0.6,2020-03-04 17:37:08,,,2.0.6
56c6d4be-1733-4e22-9edd-ed26444404d6,A Google user,https://play-lh.googleusercontent.com/EGemoI2NTXmTsBVtJqk8jxF9rh8ApRWfsIMQSt2uE4OcpQqbFu7f7NbTK05lx80nuSijCz7sc3a277R67g,E muito importante para mim para praticar mais minha l√≠ngua portuguesa.. S√≥ eu tenho uma pergunta... Como posso eliminar minhas transfer√™ncias offline? Procurava mais nao encontrei ninhuma op√ß√£o.. Desde j√° muito obrigado,4,0,2.0.6,2020-03-12 06:29:41,,,2.0.6
55b5a4ad-9928-42c2-bb94-b3518aeca174,A Google user,https://play-lh.googleusercontent.com/EGemoI2NTXmTsBVtJqk8jxF9rh8ApRWfsIMQSt2uE4OcpQqbFu7f7NbTK05lx80nuSijCz7sc3a277R67g,Acabei de instalar a App. Vivo na Gr√©cia e pelos vistos n√£o posso ver praticamente nada... Qual a l√≥gica?,1,0,2.0.6,2020-02-16 00:50:19,,,2.0.6
811d8633-4571-4220-ae3a-7c3185ebdb17,A Google user,https://play-lh.googleusercontent.com/EGemoI2NTXmTsBVtJqk8jxF9rh8ApRWfsIMQSt2uE4OcpQqbFu7f7NbTK05lx80nuSijCz7sc3a277R67g,"Finalmente dispon√≠vel em Android TV. Muito bom. Finalmente posso ver as s√©ries portuguesas que sempre quis acompanhar. Parab√©ns, est√° muito bem conseguida",5,2,1.0.17,2019-11-18 21:32:07,"Caro Paulo N√≥brega, obrigado pelo seu coment√°rio. Sendo utilizador de AndroidTV e se tiver dispon√≠vel um Chromecast, pode navegar na app Android e transmitir para a sua TV. A nova vers√£o (dispon√≠vel em beta) oferece os conte√∫dos de √°udio no AndroidAuto. Esperamos que goste.
Caso surja alguma quest√£o, envie o seu coment√°rio para o email play@rtp.pt.",2019-12-17 09:13:07,1.0.17
9df98f14-3e53-43c0-a721-84b014caf4fc,A Google user,https://play-lh.googleusercontent.com/EGemoI2NTXmTsBVtJqk8jxF9rh8ApRWfsIMQSt2uE4OcpQqbFu7f7NbTK05lx80nuSijCz7sc3a277R67g,Excelente aplica√ß√£o. Cat√°logo muito completo. Para ser melhor falta apenas ter uma conta de utilizador que permita fazer o tracking dos preferidos e do que j√° se viu para ser mais f√°cil gerir o conte√∫do.,5,7,1.0.17,2020-01-24 22:42:24,"Caro Miguel Almeida, obrigado pelo seu coment√°rio. 
Iremos encaminhar a sua sugest√£o para a √°rea de produto digital RTP Play. Caso surja alguma outra quest√£o, pedimos que envie o seu coment√°rio para o email play@rtp.pt. 
Mais uma vez obrigado pela sugest√£o.",2020-01-29 16:18:23,1.0.17
071d7cf0-e58f-4b8d-89bb-8f8f296499e0,A Google user,https://play-lh.googleusercontent.com/EGemoI2NTXmTsBVtJqk8jxF9rh8ApRWfsIMQSt2uE4OcpQqbFu7f7NbTK05lx80nuSijCz7sc3a277R67g,Imenso an√∫ncios e com falhas constantes na emiss√£o em directo.,2,2,1.0.17,2019-11-24 18:46:16,"Caro Fernando Ara√∫jo, muito obrigado pelo seu coment√°rio. A aplica√ß√£o RTP Play disponibiliza an√∫ncios no in√≠cio dos diretos apenas no primeiro acesso, ap√≥s este momento n√£o deve visionar mais an√∫ncios por um per√≠odo de tempo. Relativamente √†s falhas que indica, pedimos que envie o seu coment√°rio para o email play@rtp.pt.",2019-12-10 13:36:13,1.0.17
1c6712bd-9145-41b7-9bfd-dbbaabb97e58,Ant√≥nio Neves,https://play-lh.googleusercontent.com/a-/ALV-UjUrt65fUbyUFT_c5Ju2sWlTyIqJMdDWI9rCTNHta2IcWGvi,Seria interessante disponibilizarem os canais no Live Channels da Google para Android TV. Seria de mais f√°cil acesso.,5,0,1.0.17,2020-08-29 13:02:59,,,1.0.17
ea919125-d9d9-4909-acb0-d66fc088fae3,A Google user,https://play-lh.googleusercontent.com/EGemoI2NTXmTsBVtJqk8jxF9rh8ApRWfsIMQSt2uE4OcpQqbFu7f7NbTK05lx80nuSijCz7sc3a277R67g,"A App at√© √© interessante e permite ter acesso a algumas coisas com valor. Agora n√£o faz sentido nenhum ter at√© os notici√°rios por vezes ""sem direitos de transmiss√£o online"". √â at√© idiota. Se nos dermos ao trabalho de procurar noutro lado encontramos tudo online. Para qu√™ isso? Experimentem viver e trabalhar fora desse pa√≠s e v√£o ver do que falo. Se for preciso envio print screen para perceberem do que falo. Desinstalado.",1,0,2.0.4,2019-10-20 12:43:19,"Caro Jo√£o Rodrigues, obrigado pelo seu coment√°rio.
Alguns conte√∫dos (programas e emiss√µes em direto) n√£o t√™m direitos de transmiss√£o para fora do territ√≥rio nacional e como tal n√£o se encontram dispon√≠veis para visualiza√ß√£o fora de Portugal.",2019-10-28 16:34:58,2.0.4
08e0d76c-d647-43b2-9daa-cf0fba388f58,A Google user,https://play-lh.googleusercontent.com/EGemoI2NTXmTsBVtJqk8jxF9rh8ApRWfsIMQSt2uE4OcpQqbFu7f7NbTK05lx80nuSijCz7sc3a277R67g,O update que fizeram torna a app muito mais intuitiva para qualquer pessoa e os conte√∫dos est√£o simplesmente fenomenais. Ainda bem que a RTP se chegou √† frente e criou uma app melhor do que qualquer outra vista at√© hoje em Portugal (de longe) ao ponto de eu a p√¥r no top mundial de apps de esta√ß√µes televisivas,5,0,2.0.4,2019-11-13 22:19:25,"Caro Duarte Monteiro, obrigado pelo seu coment√°rio. A aplica√ß√£o melhorou bastante n√£o s√≥ ao n√≠vel da usabilidade, como tamb√©m na qualidade das emiss√µes e no n√∫mero de conte√∫dos dispon√≠veis. Esperamos que corresponda √†s suas expectativas. Para alguma quest√£o, pedimos que envie o seu coment√°rio para o email play@rtp.pt.",2019-11-25 11:37:44,2.0.4
a24f5e51-953b-40b6-bfd8-4acfcce74717,A Google user,https://play-lh.googleusercontent.com/EGemoI2NTXmTsBVtJqk8jxF9rh8ApRWfsIMQSt2uE4OcpQqbFu7f7NbTK05lx80nuSijCz7sc3a277R67g,"edit final: J√° funciona - - - Mas porque √© que isto n√£o permite fazer cast? edit: eles dizem que tem. mas tenho um chromecast que funciona bem com o YouTube e Netflix, no RTP Play n√£o aparece nada. edit2: o cast s√≥ aparece para programas em deferido. Em directo n√£o d√°... porqu√™? edit3: Obrigado. cast da emiss√£o ao vivo j√° funciona :)",5,0,2.0.4,2019-10-17 18:13:38,"Caro Ricardo Sancho, muito obrigado pelo seu coment√°rio.
Com a nova atualiza√ß√£o j√° √© poss√≠vel utilizar o Chromecast nas emiss√µes em direto. Esperamos que goste desta nova funcionalidade.
Para qualquer outra quest√£o, pedimos-lhe que envie o seu coment√°rio para o email play@rtp.pt.",2019-10-17 17:27:21,2.0.4
dd040fb3-920d-42e5-9886-be7ae15ccb6e,A Google user,https://play-lh.googleusercontent.com/EGemoI2NTXmTsBVtJqk8jxF9rh8ApRWfsIMQSt2uE4OcpQqbFu7f7NbTK05lx80nuSijCz7sc3a277R67g,"Pessimo continua aparecer no extra SEM direitos de transmissao online,quando √© que a RTP pensa resolver o problema, estou em UK e gostava de ver os novos episodios de conta me Como foi assim nao da para ver",1,1,2.0.4,2019-12-14 20:47:00,"Cara Eduarda, obrigado pelo seu coment√°rio. Alguns conte√∫dos (programas e emiss√µes em direto) n√£o t√™m direitos de transmiss√£o para fora do territ√≥rio Portugu√™s e como tal n√£o se encontram dispon√≠veis para visualiza√ß√£o fora de Portugal. Caso tenha qualquer outra quest√£o, pedimos-lhe que envie o seu coment√°rio para o email play@rtp.pt.",2019-12-17 07:38:23,2.0.4
b8d786c5-9ad1-4de3-9766-b8408c28207e,A Google user,https://play-lh.googleusercontent.com/EGemoI2NTXmTsBVtJqk8jxF9rh8ApRWfsIMQSt2uE4OcpQqbFu7f7NbTK05lx80nuSijCz7sc3a277R67g,"√â uma √≥ptima aplica√ß√£o! Muitos parab√©ns √° rtp pela iniciativa. Disponibiliza todo o conte√∫do original sem ser preciso contas nem emails, muito f√°cil de utilizar e uma fant√°stica maneira de levar o trabalho portugu√™s a toda a gente!!",5,5,2.0.4,2019-11-23 01:52:12,"Cara Raquel Pereira, obrigado pelo seu coment√°rio. O cat√°logo que a aplica√ß√£o disponibiliza √© muito vasto e variado. Esperamos que goste da nossa oferta. Caso tenha alguma outra quest√£o, pedimos que envie o seu coment√°rio para o email play@rtp.pt.",2019-11-25 12:31:02,2.0.4
5a37482e-36a2-4037-851f-1d257d6b5aa3,A Google user,https://play-lh.googleusercontent.com/EGemoI2NTXmTsBVtJqk8jxF9rh8ApRWfsIMQSt2uE4OcpQqbFu7f7NbTK05lx80nuSijCz7sc3a277R67g,"O esfor√ßo √© louv√°vel, na centraliza√ß√£o de todos os canais de TV e r√°dio, e na disponibiliza√ß√£o de programas e podcasts j√° emitidos, e esta neste momento muito mais est√°vel e visualmente apelativa. Uma funcionalidade muito √∫til, seria registar em que epis√≥dio e em que parte do epis√≥dio ficou a nossa visualiza√ß√£o anterior.",5,1,2.0.4,2019-12-18 08:56:07,"Caro V√≠tor Vieira, obrigado pelo seu coment√°rio. A app RTP Play tem imensas funcionalidades e v√°rios tipo de conte√∫do (diretos tv e r√°dio, podcasts, programas a pedido, transfer√™ncias, favoritos, etc). Desde que comentou, a app j√° sofreu v√°rias atualiza√ß√µes que a tornou mais est√°vel. No ecr√£ inicial fica registado em ""Continuar"", em que ponto ficou",2019-12-18 15:37:43,2.0.4
4ba5567a-2b21-4fd7-82b8-a2fae2427269,A Google user,https://play-lh.googleusercontent.com/EGemoI2NTXmTsBVtJqk8jxF9rh8ApRWfsIMQSt2uE4OcpQqbFu7f7NbTK05lx80nuSijCz7sc3a277R67g,"Vivo na Inglaterra, Se ainda agora estive a ver um pouco do Got Talent Portugal, porque √© que n√£o posso ver o programa desde o princ√≠pio???? ""Sem direitos de transmiss√£o online""???? Para que serve esta aplica√ß√£o ent√£o???? E porque √© que isto acontece com tantos programas????",3,0,2.0.4,2020-01-19 23:39:03,"Caro Ari Santos, obrigado pelo seu coment√°rio. Alguns conte√∫dos (programas e emiss√µes em direto) n√£o t√™m direitos de transmiss√£o para fora do territ√≥rio Portugu√™s e como tal n√£o se encontram dispon√≠veis para visualiza√ß√£o. Caso surja alguma outra quest√£o, pedimos que envie o seu coment√°rio para o email play@rtp.pt.",2020-01-20 19:02:43,2.0.4
c8b42850-3723-41eb-9b94-5f95de0b6dd0,A Google user,https://play-lh.googleusercontent.com/EGemoI2NTXmTsBVtJqk8jxF9rh8ApRWfsIMQSt2uE4OcpQqbFu7f7NbTK05lx80nuSijCz7sc3a277R67g,"√ìtima app, adoro ver a RTP a apoiar produ√ß√£o portuguesa, adoro qu√£o nos facilita ver s√©ries nossas t√£o facilmente. RTP √© n√£o s√≥ um canal diferente mas tamb√©m o melhor. Grande aplica√ß√£o continuem a melhorar, agradecemos.",5,0,2.0.4,2019-11-23 01:45:42,"Caro Jos√© Pereira, obrigado pelo seu coment√°rio. A aplica√ß√£o RTP Play permite o acesso aos mais variados conte√∫dos do grupo RTP, seja em √°udio ou v√≠deo. Estamos continuamente a introduzir melhoramentos.
Caso tenha alguma outra quest√£o, pedimos que envie o seu coment√°rio para o email play@rtp.pt.",2019-11-25 12:28:27,2.0.4
01ca2a95-9029-444a-ba9f-5f81b8f54cd4,A Google user,https://play-lh.googleusercontent.com/EGemoI2NTXmTsBVtJqk8jxF9rh8ApRWfsIMQSt2uE4OcpQqbFu7f7NbTK05lx80nuSijCz7sc3a277R67g,Bons Filmes Boas Series... Possibilidade de ver TV Portuguesa em Excelente qualidade UltimasAtualiza√ß√µes foram excelentes Parabens RTP,5,3,2.0.4,2019-11-08 08:13:37,"Caro Sandro Vieira, obrigado pelo seu coment√°rio. Estamos gradualmente a introduzir melhorias nas aplica√ß√µes do universo RTP Play. Esperamos que seja do seu agrado.
Para alguma outra quest√£o pedimos que envie o seu coment√°rio para o email play@rtp.pt.",2019-11-18 17:41:49,2.0.4
1db2a66d-20a8-4e3e-aca2-128bd10f8bf6,A Google user,https://play-lh.googleusercontent.com/EGemoI2NTXmTsBVtJqk8jxF9rh8ApRWfsIMQSt2uE4OcpQqbFu7f7NbTK05lx80nuSijCz7sc3a277R67g,"Nem todas as pessoas t√™m dinheiro para comprarem tablets/telem√≥veis todos os anos, deixar de suportar android 4 numa aplica√ß√£o que funcionava perfeitamente √© incentivar o desperdicio, numa empresa p√∫blica paga pelo dinheiro dos contribuintes ainda pior, mau exemplo.",1,1,2.0.4,2020-01-23 12:50:15,"Caro Nuno Dias, obrigado pelo seu coment√°rio.
No caso do seu dispositivo n√£o ser compat√≠vel com a aplica√ß√£o RTP Play (Android 5 ou superior), pode aceder √† plataforma atrav√©s do endere√ßo rtp.pt/play.
Caso surja alguma outra quest√£o, pedimos que envie o seu coment√°rio para o email play@rtp.pt.",2020-01-29 16:08:30,2.0.4
c0e1d964-e000-4fe3-a3b4-be78e3553fef,A Google user,https://play-lh.googleusercontent.com/EGemoI2NTXmTsBVtJqk8jxF9rh8ApRWfsIMQSt2uE4OcpQqbFu7f7NbTK05lx80nuSijCz7sc3a277R67g,Obrigada por colocarem o Chromecast na nova atualiza√ß√£o !,5,0,2.0.4,2019-10-21 07:36:20,"Cara Nanci Sousa, obrigado pelo seu coment√°rio. Esta atualiza√ß√£o adicionou a possibilidade de utilizar Chromecast e AirPlay nos conte√∫dos em direto. Esperamos que goste.",2019-10-28 16:50:55,2.0.4
bbb61bbb-57dc-4d6b-af99-8aead2ee27d3,A Google user,https://play-lh.googleusercontent.com/EGemoI2NTXmTsBVtJqk8jxF9rh8ApRWfsIMQSt2uE4OcpQqbFu7f7NbTK05lx80nuSijCz7sc3a277R67g,Esta aplica√ß√£o n√£o funciona no estranjeiro?,2,0,2.0.4,2019-11-20 20:42:02,"Cara Marta Luzes, obrigado pelo seu coment√°rio. A aplica√ß√£o RTP Play funciona no estrangeiro, mas alguns programas e emiss√µes em direto n√£o podem ser visualizadas fora de Portugal por quest√µes de direitos de transmiss√£o.
Caso tenha alguma outra quest√£o, pedimos que envie o seu coment√°rio para o email play@rtp.pt.",2019-11-25 12:21:50,2.0.4
367ab713-0e6a-47ba-825d-330b493e7f34,A Google user,https://play-lh.googleusercontent.com/EGemoI2NTXmTsBVtJqk8jxF9rh8ApRWfsIMQSt2uE4OcpQqbFu7f7NbTK05lx80nuSijCz7sc3a277R67g,Good,5,0,2.0.4,2020-02-28 21:35:20,,,2.0.4
02b2ad6a-3173-4cba-9edc-a4c5ce8ed13f,A Google user,https://play-lh.googleusercontent.com/EGemoI2NTXmTsBVtJqk8jxF9rh8ApRWfsIMQSt2uE4OcpQqbFu7f7NbTK05lx80nuSijCz7sc3a277R67g,"Uma app de uma televis√£o p√∫blica que me ""presenteia"" com publicidade √© simplesmente vergonhoso",1,1,2.0.3,2019-10-14 21:02:22,"Caro Rui Batalha, obrigado pelo seu coment√°rio. 
Pedimos-lhe que remeta a quest√£o que nos coloca para o email play@rtp.pt.",2019-10-28 17:01:04,2.0.3
1b4894c5-b8cb-43b6-ac49-f378925d19e9,A Google user,https://play-lh.googleusercontent.com/EGemoI2NTXmTsBVtJqk8jxF9rh8ApRWfsIMQSt2uE4OcpQqbFu7f7NbTK05lx80nuSijCz7sc3a277R67g,Nao da imagem desde que foi updated nao se ve nada,1,0,2.0.3,2019-10-14 22:24:53,"Lu√≠s Guimaraes, obrigado pelo seu coment√°rio. 
A aplica√ß√£o foi recentemente atualizada e a quest√£o que reporta dever√° ter sido resolvida. Caso ainda se mantenha  pedimos-lhe que envie o seu coment√°rio para o email play@rtp.pt.",2019-10-17 17:24:23,2.0.3
ea453db8-0a10-40f2-9e8c-c936387faa31,A Google user,https://play-lh.googleusercontent.com/EGemoI2NTXmTsBVtJqk8jxF9rh8ApRWfsIMQSt2uE4OcpQqbFu7f7NbTK05lx80nuSijCz7sc3a277R67g,good,5,0,2.0.3,2019-10-05 05:22:02,"Caro Carlos Barros, muito obrigado pelo seu coment√°rio.",2019-10-08 12:43:10,2.0.3
98e41873-788a-423b-92ec-18b77e03a3ab,A Google user,https://play-lh.googleusercontent.com/EGemoI2NTXmTsBVtJqk8jxF9rh8ApRWfsIMQSt2uE4OcpQqbFu7f7NbTK05lx80nuSijCz7sc3a277R67g,"Wow parab√©ns, excelente trabalho.",5,0,2.0.3,2019-09-26 21:29:24,"Caro Marco Vieira, muito obrigado pelo seu coment√°rio.",2019-09-27 08:35:28,2.0.3
e70393a9-e306-4005-bcfa-a6d49985510b,A Google user,https://play-lh.googleusercontent.com/EGemoI2NTXmTsBVtJqk8jxF9rh8ApRWfsIMQSt2uE4OcpQqbFu7f7NbTK05lx80nuSijCz7sc3a277R67g,"Aleluiaaaa!!! Finalmente uma actualiza√ß√£o e que actualiza√ß√£o!!!! Ficou perfeito! Apar√™ncia moderna, repararam muitos dos defeitos que apontei, estou muito satisfeito. Agora s√≥ resta mudar o video player do site rtp que faz load load load sem motivo nenhum.",5,4,2.0.2,2019-09-13 05:14:38,"Caro Sid√≥nio Sousa, muito obrigado pelo seu coment√°rio. 
Estamos a melhorar o produto RTP Play e em breve iremos lan√ßar ainda mais novidades.",2019-09-13 10:52:20,2.0.2
6a5ac5fd-1da4-4140-8641-272b3f5e4713,A Google user,https://play-lh.googleusercontent.com/EGemoI2NTXmTsBVtJqk8jxF9rh8ApRWfsIMQSt2uE4OcpQqbFu7f7NbTK05lx80nuSijCz7sc3a277R67g,"√ìtima melhora na √∫ltima vers√£o da app! Sim, agora com suporte para o Chromecast. So pedia, por favor, acrescentarem a op√ß√£o do ChromeCast tamb√©m para os directos.",5,17,2.0.2,2019-09-13 18:41:56,"Caro utilizador, obrigado pelo seu coment√°rio. 
A aplica√ß√£o RTP Play tem suporte para Chromecast em todos os programas v√≠deo. Brevemente iremos disponibilizar nas emiss√µes em direto.
Caso esteja com dificuldade em visualizar a op√ß√£o de Cast, por favor envie o seu coment√°rio para o email de suporte play@rtp.pt para melhor verificarmos o que relata.",2019-09-13 19:29:19,2.0.2
03c51db5-f600-4d5f-8081-63d67ce582f8,A Google user,https://play-lh.googleusercontent.com/EGemoI2NTXmTsBVtJqk8jxF9rh8ApRWfsIMQSt2uE4OcpQqbFu7f7NbTK05lx80nuSijCz7sc3a277R67g,Nesta atualiza√ß√£o j√° n√£o consigo aceder aos diretos... Nenhum canal... √â um pena.,1,0,2.0.2,2019-09-13 14:35:19,"Caro Alberto Andrade, obrigado pelo seu coment√°rio.
Caso esteja com dificuldade em visualizar os conte√∫dos em direto, por favor envie o seu coment√°rio para o email de suporte play@rtp.pt para melhor verificarmos o que relata.",2019-09-26 12:59:47,2.0.2
9ecf6aec-9a58-43f5-80d3-43a9a0eb8642,A Google user,https://play-lh.googleusercontent.com/EGemoI2NTXmTsBVtJqk8jxF9rh8ApRWfsIMQSt2uE4OcpQqbFu7f7NbTK05lx80nuSijCz7sc3a277R67g,Est√° excelente a nova actualiza√ß√£o da app.,5,0,2.0.2,2019-09-16 06:38:06,"Caro Alexxx, muito obrigado pelo seu coment√°rio.",2019-09-17 14:25:28,2.0.2
7d796c62-8535-4702-83b6-ca552e071c08,A Google user,https://play-lh.googleusercontent.com/EGemoI2NTXmTsBVtJqk8jxF9rh8ApRWfsIMQSt2uE4OcpQqbFu7f7NbTK05lx80nuSijCz7sc3a277R67g,Ap√≥s a √∫ltima atualiza√ß√£o graficamente muito bom e mais f√°cil de percorrer os menus. Op√ß√µes como Continuar a ver onde se parou muito √∫til.,5,0,2.0.1,2019-09-12 21:59:44,"Caro Pedro Moreira, obrigado pelo seu coment√°rio. 
Esperamos que tenha a melhor experi√™ncia de sempre com esta nova atualiza√ß√£o.",2019-09-13 10:57:39,2.0.1
f7cad6d6-a682-482a-bf68-8aadfa8d6803,A Google user,https://play-lh.googleusercontent.com/EGemoI2NTXmTsBVtJqk8jxF9rh8ApRWfsIMQSt2uE4OcpQqbFu7f7NbTK05lx80nuSijCz7sc3a277R67g,"quando tento ouvir um programa on-demand na antena 3, o programa nunca toca at√© ao fim e a app reinicia. Por favor corrijam este erro pois √© bastante frustrante tentar ouvir um programa at√© ao fim que √© constantemente interrompido :(",1,2,1.0.9,2019-06-06 10:12:03,,,1.0.9
0e54bfbb-5ae3-4f97-9856-b0cdcd01e66d,A Google user,https://play-lh.googleusercontent.com/EGemoI2NTXmTsBVtJqk8jxF9rh8ApRWfsIMQSt2uE4OcpQqbFu7f7NbTK05lx80nuSijCz7sc3a277R67g,"Sem conex√£o com ChromeCast, est√° anos-luz atr√°s do muitas outras...e perde metade da utilidade.",3,0,1.0.9,2019-06-10 20:31:46,,,1.0.9
c1cfaf0c-25dd-4c61-b46b-e8e1a367271f,A Google user,https://play-lh.googleusercontent.com/EGemoI2NTXmTsBVtJqk8jxF9rh8ApRWfsIMQSt2uE4OcpQqbFu7f7NbTK05lx80nuSijCz7sc3a277R67g,Lento...lento....lento,1,0,1.0.9,2019-10-10 20:57:01,"Caro Lu√≠s Martins, obrigado pelo seu coment√°rio.
Para melhor entendermos a quest√£o que nos indica, poderia enviar o seu coment√°rio para o email play@rtp.pt?",2019-10-14 09:32:40,1.0.9
14fdc2e8-9036-449c-a2ed-c05f7c42fbf6,A Google user,https://play-lh.googleusercontent.com/EGemoI2NTXmTsBVtJqk8jxF9rh8ApRWfsIMQSt2uE4OcpQqbFu7f7NbTK05lx80nuSijCz7sc3a277R67g,"Mas que lixo tecnol√≥gico. A fun√ß√£o de procura s√≥ cobre os nomes dos programas e n√£o os t√≠tulos dos epis√≥dios, o K d√° uma experi√™ncia de utiliza√ß√£o bem medieval. E fazer uma App e n√£o seguir guidelines da google, t√° logo a pedi-las. Erros e crashes por todos os lados, os bot√µes n√£o funcionam sempre, o v√≠deo falha, nem permite chromecast, etc. Pior, uma aplica√ß√£o de um canal de tv k n√£o tem vers√£o nativa para Android TV, √© pobre. Mas k desperd√≠cio de recursos. Epa, se querem copiar bons exemplos , ent√£o procurem por SVT, NRK e Rai.",1,20,1.0.8,2018-10-03 09:01:50,,,1.0.8
c0e22172-3275-4a55-b28e-f8e84e83a2c6,A Google user,https://play-lh.googleusercontent.com/EGemoI2NTXmTsBVtJqk8jxF9rh8ApRWfsIMQSt2uE4OcpQqbFu7f7NbTK05lx80nuSijCz7sc3a277R67g,"N√£o se compreende como o RTP play em modo de full screen nao roda livremente de acordo com a posi√ß√£o do dispositivo, situa√ß√£o banal em qualquer app em modo full screen, tipo YouTube, tvi e similares. Adicionalmente, esta app ""crasha"" muitas vezes quando fica em background. Fora isso, √© de aplaudir o que a rtp fez",3,2,1.0.8,2019-01-21 09:04:30,,,1.0.8
b7b2dd4c-9523-43fd-8a53-88db963f5db1,A Google user,https://play-lh.googleusercontent.com/EGemoI2NTXmTsBVtJqk8jxF9rh8ApRWfsIMQSt2uE4OcpQqbFu7f7NbTK05lx80nuSijCz7sc3a277R67g,"Works ok now. Thanks from a faraway Australia. However, it still irks me that some programs on RTP Internacional are blocked due to copyright, despite the channel being meant for international consumption.",4,3,1.0.8,2018-10-14 03:19:00,,,1.0.8
6c683c72-0de6-4df8-9c78-37e6729ba3e5,A Google user,https://play-lh.googleusercontent.com/EGemoI2NTXmTsBVtJqk8jxF9rh8ApRWfsIMQSt2uE4OcpQqbFu7f7NbTK05lx80nuSijCz7sc3a277R67g,Tem um UI muito simplificado. F√°cil de navegar mas n√£o √© atractivo. Nao vejo op√ß√£o para mandar como Chromecast ou Google Cast.,3,0,1.0.8,2019-02-05 13:31:38,,,1.0.8
0f4232b8-6753-42f2-9cfa-7c1c5d3f7f30,A Google user,https://play-lh.googleusercontent.com/EGemoI2NTXmTsBVtJqk8jxF9rh8ApRWfsIMQSt2uE4OcpQqbFu7f7NbTK05lx80nuSijCz7sc3a277R67g,N√£o permite fazer cast para a Tv/chromecast e afins. A RTP acha mesmo que gostamos de ficar a segurar e olhar para um telem√≥vel ou smartphone enquanto visionamos conte√∫do?,1,3,1.0.8,2019-01-05 14:15:09,,,1.0.8
af2a2344-271e-42b4-8ac8-60b2f352e92d,A Google user,https://play-lh.googleusercontent.com/EGemoI2NTXmTsBVtJqk8jxF9rh8ApRWfsIMQSt2uE4OcpQqbFu7f7NbTK05lx80nuSijCz7sc3a277R67g,Pior aplica√ß√£o seria dif√≠cil de ser feita,1,1,1.0.8,2019-02-07 00:12:53,,,1.0.8
7fad8247-1430-424b-975a-83c2f61e0612,A Google user,https://play-lh.googleusercontent.com/EGemoI2NTXmTsBVtJqk8jxF9rh8ApRWfsIMQSt2uE4OcpQqbFu7f7NbTK05lx80nuSijCz7sc3a277R67g,Falta suporte para Chromecast!,3,4,1.0.8,2019-01-19 17:49:04,,,1.0.8
232c2f59-d0cb-459e-8429-52f4ec72fd16,A Google user,https://play-lh.googleusercontent.com/EGemoI2NTXmTsBVtJqk8jxF9rh8ApRWfsIMQSt2uE4OcpQqbFu7f7NbTK05lx80nuSijCz7sc3a277R67g,Ainda n√£o suporta Chromecast...,3,3,1.0.8,2018-11-13 21:18:11,,,1.0.8
1d7b346a-baf0-4274-ba66-d7db6fd6b234,A Google user,https://play-lh.googleusercontent.com/EGemoI2NTXmTsBVtJqk8jxF9rh8ApRWfsIMQSt2uE4OcpQqbFu7f7NbTK05lx80nuSijCz7sc3a277R67g,reproducao bloqueia...,2,3,1.0.8,2018-10-22 17:08:12,,,1.0.8
23228a74-cdf3-4782-a7cc-4e810f56767c,A Google user,https://play-lh.googleusercontent.com/EGemoI2NTXmTsBVtJqk8jxF9rh8ApRWfsIMQSt2uE4OcpQqbFu7f7NbTK05lx80nuSijCz7sc3a277R67g,Perfct,5,0,1.0.8,2018-10-13 14:56:20,,,1.0.8
b156425d-60e5-4627-a1d5-3f932fc85bc7,A Google user,https://play-lh.googleusercontent.com/EGemoI2NTXmTsBVtJqk8jxF9rh8ApRWfsIMQSt2uE4OcpQqbFu7f7NbTK05lx80nuSijCz7sc3a277R67g,"Mau, muito mau. Os v√≠deos n√£o tocam e congelam passados pouco segundos. N√£o 
d√° para salvar localmente os v√≠deos para ver offline. O telejornal por 
defeito tem mais de um ano. Chama-se ""servi√ßo p√∫blico"". Recordo a todos que 
a RDP consome por dia 1 milh√£o de euros (‚Ç¨1.000.000/dia) dos contribuintes 
portugueses.",1,2,1.0.7,2018-07-05 22:59:56,,,1.0.7
58d50d07-5deb-4c49-851c-04e75b7ca74f,A Google user,https://play-lh.googleusercontent.com/EGemoI2NTXmTsBVtJqk8jxF9rh8ApRWfsIMQSt2uE4OcpQqbFu7f7NbTK05lx80nuSijCz7sc3a277R67g,"App does not change to landscape on android, and the live video is outside 
the screen durind play. This means even the option of fullscreen is not 
available since its somewhere outside the screen.",1,2,1.0.7,2018-07-15 07:43:10,,,1.0.7
92f68e64-8781-4817-84e4-cae8bc064c6a,A Google user,https://play-lh.googleusercontent.com/EGemoI2NTXmTsBVtJqk8jxF9rh8ApRWfsIMQSt2uE4OcpQqbFu7f7NbTK05lx80nuSijCz7sc3a277R67g,"Triste demais nos imigrantes nao podemos ver o jogo na aplica√ß√£o... onde 
esta a esta√ß√£o publica de televis√£o... e onde est√° a utilidade publica????",1,3,1.0.7,2018-06-30 19:01:10,,,1.0.7
822644ad-c06a-4b21-8160-e4bf85ff696d,A Google user,https://play-lh.googleusercontent.com/EGemoI2NTXmTsBVtJqk8jxF9rh8ApRWfsIMQSt2uE4OcpQqbFu7f7NbTK05lx80nuSijCz7sc3a277R67g,"No estrangeiro e antes conseguia ver a rtp pela app, agora j√° n√£o. Nem pela app j√° se pode ver de borla.",1,0,1.0.7,2018-09-09 16:47:07,,,1.0.7
02f63eff-20fc-4742-9252-2fb99bc48e0e,A Google user,https://play-lh.googleusercontent.com/EGemoI2NTXmTsBVtJqk8jxF9rh8ApRWfsIMQSt2uE4OcpQqbFu7f7NbTK05lx80nuSijCz7sc3a277R67g,J√° estava na altura de a aplica√ß√£o permitir o streaming por via de dispositivos ChromeCast,3,4,1.0.7,2018-08-28 13:33:00,,,1.0.7
05540186-5653-45d6-92e3-3878b42c649d,A Google user,https://play-lh.googleusercontent.com/EGemoI2NTXmTsBVtJqk8jxF9rh8ApRWfsIMQSt2uE4OcpQqbFu7f7NbTK05lx80nuSijCz7sc3a277R67g,Falta suporte para Chromecast,3,6,1.0.7,2018-09-25 07:41:55,,,1.0.7
3263bcfd-b32b-4820-b723-4cfd533ce61b,A Google user,https://play-lh.googleusercontent.com/EGemoI2NTXmTsBVtJqk8jxF9rh8ApRWfsIMQSt2uE4OcpQqbFu7f7NbTK05lx80nuSijCz7sc3a277R67g,"A APP nunca foi boa, mas agora perdeu a √∫nica coisa que ainda tinha de bom: 
O link para o telejornal vai parar ao arquivo de 2017... Ser√° mesmo assim 
t√£o dif√≠cil actualizar? O telejornal de 2017 n√£o interessa a ningu√©m.",1,2,1.0.6,2018-05-22 07:15:26,,,1.0.6
cdee7543-988a-4106-b066-cbe04c6046d7,A Google user,https://play-lh.googleusercontent.com/EGemoI2NTXmTsBVtJqk8jxF9rh8ApRWfsIMQSt2uE4OcpQqbFu7f7NbTK05lx80nuSijCz7sc3a277R67g,"Porque motivo a rtp ""internacional"" nao funciona fora de portugal? Algum motivo especial ou temps que pagar algo extra para os bolsos dos xulos.",1,4,1.0.6,2018-04-08 21:25:55,,,1.0.6
814589b6-18bc-4826-aac9-b4bd01bd7caa,A Google user,https://play-lh.googleusercontent.com/EGemoI2NTXmTsBVtJqk8jxF9rh8ApRWfsIMQSt2uE4OcpQqbFu7f7NbTK05lx80nuSijCz7sc3a277R67g,"Uso esta aplicacao numa Samsung Smart TV nos Estados Unidos, tenho acceso a todo o conteudo sem nenhuns problemas Obrigado",5,11,1.0.6,2018-09-17 22:22:23,,,1.0.6
1665ee59-7c9e-4f0e-994c-2d6bfba84992,A Google user,https://play-lh.googleusercontent.com/EGemoI2NTXmTsBVtJqk8jxF9rh8ApRWfsIMQSt2uE4OcpQqbFu7f7NbTK05lx80nuSijCz7sc3a277R67g,Why doesn't it support Chrome Cast?,1,3,1.0.6,2018-05-04 22:19:14,,,1.0.6
a99aa5cf-73f4-4ff0-a3bd-5ab5b2477df8,A Google user,https://play-lh.googleusercontent.com/EGemoI2NTXmTsBVtJqk8jxF9rh8ApRWfsIMQSt2uE4OcpQqbFu7f7NbTK05lx80nuSijCz7sc3a277R67g,Not good apps,5,0,1.0.6,2018-04-25 23:57:44,,,1.0.6
